Stock Name,Day,Action,Stock Price,Cash,Shares Held,Portfolio Value,Date
AAPL,0,Buy,169.3000030517578,330.6999969482422,1,500.0,2024-04-26
AAPL,1,Hold,173.5,330.6999969482422,1,504.1999969482422,2024-04-29
AAPL,2,Buy,170.3300018310547,160.3699951171875,2,501.0299987792969,2024-04-30
AAPL,3,Buy,169.3000030517578,0.0,2.9472533504217346,498.9700012207031,2024-05-01
AAPL,4,Hold,173.02999877929688,0.0,2.9472533504217346,509.9632436257514,2024-05-02
AAPL,5,Hold,183.3800048828125,0.0,2.9472533504217346,540.4673337912232,2024-05-03
AAPL,6,Buy,181.7100067138672,0.0,2.9472533504217346,535.545426092601,2024-05-06
AAPL,7,Buy,182.39999389648438,0.0,2.9472533504217346,537.5789931283175,2024-05-07
AAPL,8,Buy,182.74000549316406,0.0,2.9472533504217346,538.581093445814,2024-05-08
AAPL,9,Buy,184.57000732421875,0.0,2.9472533504217346,543.9745724736678,2024-05-09
AAPL,10,Buy,183.0500030517578,0.0,2.9472533504217346,539.494734789002,2024-05-10
AAPL,11,Buy,186.27999877929688,0.0,2.9472533504217346,549.0143505188394,2024-05-13
AAPL,12,Buy,187.42999267578125,0.0,2.9472533504217346,552.4036738832175,2024-05-14
AAPL,13,Buy,189.72000122070312,0.0,2.9472533504217346,559.1529092397328,2024-05-15
AAPL,14,Buy,189.83999633789062,0.0,2.9472533504217346,559.506565250898,2024-05-16
AAPL,15,Buy,189.8699951171875,0.0,2.9472533504217346,559.5949792536893,2024-05-17
AAPL,16,Buy,191.0399932861328,0.0,2.9472533504217346,563.0432602771007,2024-05-20
AAPL,17,Buy,192.35000610351562,0.0,2.9472533504217346,566.9041999422275,2024-05-21
AAPL,18,Buy,190.89999389648438,0.0,2.9472533504217346,562.6306466069022,2024-05-22
AAPL,19,Buy,186.8800048828125,0.0,2.9472533504217346,550.7827205176993,2024-05-23
AAPL,20,Buy,189.97999572753906,0.0,2.9472533504217346,559.9191789210963,2024-05-24
AAPL,21,Buy,189.99000549316406,0.0,2.9472533504217346,559.9486802363715,2024-05-28
AAPL,22,Buy,190.2899932861328,0.0,2.9472533504217346,560.8328202642844,2024-05-29
AAPL,23,Buy,191.2899932861328,0.0,2.9472533504217346,563.7800736147061,2024-05-30
AAPL,24,Buy,192.25,0.0,2.9472533504217346,566.6094566185785,2024-05-31
AAPL,25,Buy,194.02999877929688,0.0,2.9472533504217346,571.8555639846078,2024-06-03
AAPL,26,Buy,194.35000610351562,0.0,2.9472533504217346,572.798706643071,2024-06-04
AAPL,27,Buy,195.8699951171875,0.0,2.9472533504217346,577.2784993562196,2024-06-05
AAPL,28,Buy,194.47999572753906,0.0,2.9472533504217346,573.1818189979941,2024-06-06
AAPL,29,Buy,196.88999938964844,0.0,2.9472533504217346,580.2847103656746,2024-06-07
AAPL,30,Buy,193.1199951171875,0.0,2.9472533504217346,569.1735526425599,2024-06-10
AAPL,31,Hold,207.14999389648438,0.0,2.9472533504217346,610.5235135512554,2024-06-11
AAPL,32,Hold,213.07000732421875,0.0,2.9472533504217346,627.9712929606873,2024-06-12
AAPL,33,Buy,214.24000549316406,0.0,2.9472533504217346,631.4195739840986,2024-06-13
AAPL,34,Buy,212.49000549316406,0.0,2.9472533504217346,626.2618806208606,2024-06-14
AAPL,35,Hold,216.6699981689453,0.0,2.9472533504217346,638.5813780392951,2024-06-17
AAPL,36,Buy,214.2899932861328,0.0,2.9472533504217346,631.5669006744059,2024-06-18
AAPL,37,Buy,209.67999267578125,0.0,2.9472533504217346,617.9800609301011,2024-06-20
AAPL,38,Buy,207.49000549316406,0.0,2.9472533504217346,611.5256138687519,2024-06-21
AAPL,39,Buy,208.13999938964844,0.0,2.9472533504217346,613.4413105579191,2024-06-24
AAPL,40,Sell,209.07000732421875,0.0,2.9472533504217346,616.1822795590003,2024-06-25
AAPL,41,Hold,213.25,0.0,2.9472533504217346,628.5017769774349,2024-06-26
AAPL,42,Buy,214.10000610351562,0.0,2.9472533504217346,631.0069603139002,2024-06-27
AAPL,43,Sell,210.6199951171875,0.0,2.9472533504217346,620.7504862749403,2024-06-28
AAPL,44,Hold,216.75,0.0,2.9472533504217346,638.817163703911,2024-07-01
AAPL,45,Buy,220.27000427246094,0.0,2.9472533504217346,649.1915080894203,2024-07-02
AAPL,46,Buy,221.5500030517578,0.0,2.9472533504217346,652.9639887802388,2024-07-03
AAPL,47,Hold,226.33999633789062,0.0,2.9472533504217346,667.0813125412913,2024-07-05
AAPL,48,Buy,227.82000732421875,0.0,2.9472533504217346,671.4432798794078,2024-07-08
AAPL,49,Buy,228.67999267578125,0.0,2.9472533504217346,673.977874588114,2024-07-09
AAPL,50,Buy,232.97999572753906,0.0,2.9472533504217346,686.6510729892309,2024-07-10
AAPL,51,Buy,227.57000732421875,0.0,2.9472533504217346,670.7064665418025,2024-07-11
AAPL,52,Buy,230.5399932861328,0.0,2.9472533504217346,679.4597676187591,2024-07-12
AAPL,53,Buy,234.39999389648438,0.0,2.9472533504217346,690.8361673502477,2024-07-15
AAPL,54,Buy,234.82000732421875,0.0,2.9472533504217346,692.07405333236,2024-07-16
AAPL,55,Buy,228.8800048828125,0.0,2.9472533504217346,674.5673612354121,2024-07-17
AAPL,56,Sell,224.17999267578125,0.0,2.9472533504217346,660.7152345112162,2024-07-18
AAPL,57,Sell,224.30999755859375,0.0,2.9472533504217346,661.0983918376565,2024-07-19
AAPL,58,Sell,223.9600067138672,0.0,2.9472533504217346,660.0668801479193,2024-07-22
AAPL,59,Sell,225.00999450683594,0.0,2.9472533504217346,663.1614601886483,2024-07-23
AAPL,60,Sell,218.5399932861328,0.0,2.9472533504217346,644.0927274136983,2024-07-24
AAPL,61,Sell,217.49000549316406,0.0,2.9472533504217346,640.9981473729692,2024-07-25
AAPL,62,Sell,217.9600067138672,0.0,2.9472533504217346,642.3833600453888,2024-07-26
AAPL,63,Sell,218.24000549316406,0.0,2.9472533504217346,643.2085873857856,2024-07-29
AAPL,64,Sell,218.8000030517578,0.0,2.9472533504217346,644.8590420665789,2024-07-30
AAPL,65,Sell,222.0800018310547,0.0,2.9472533504217346,654.5260294582409,2024-07-31
AAPL,66,Sell,218.36000061035156,0.0,2.9472533504217346,643.5622433969506,2024-08-01
AAPL,67,Sell,219.86000061035156,0.0,2.9472533504217346,647.9831234225833,2024-08-02
AAPL,68,Sell,209.27000427246094,0.0,2.9472533504217346,616.7717212347812,2024-08-05
AAPL,69,Sell,207.22999572753906,0.0,2.9472533504217346,610.7592992158712,2024-08-06
AAPL,70,Sell,209.82000732421875,0.0,2.9472533504217346,618.3927195718167,2024-08-07
AAPL,71,Sell,213.30999755859375,0.0,2.9472533504217346,628.6786049830175,2024-08-08
AAPL,72,Sell,216.24000549316406,0.0,2.9472533504217346,637.314080684942,2024-08-09
AAPL,73,Sell,217.52999877929688,0.0,2.9472533504217346,641.1160177195186,2024-08-12
AAPL,74,Sell,221.27000427246094,0.0,2.9472533504217346,652.138761439842,2024-08-13
AAPL,75,Buy,221.72000122070312,0.0,2.9472533504217346,653.4650164532284,2024-08-14
AAPL,76,Buy,224.72000122070312,0.0,2.9472533504217346,662.3067765044935,2024-08-15
AAPL,77,Buy,226.0500030517578,0.0,2.9472533504217346,666.2266288571366,2024-08-16
AAPL,78,Buy,225.88999938964844,0.0,2.9472533504217346,665.7550575279049,2024-08-19
AAPL,79,Buy,226.50999450683594,0.0,2.9472533504217346,667.582340214281,2024-08-20
AAPL,80,Buy,226.39999389648438,0.0,2.9472533504217346,667.2581405468738,2024-08-21
AAPL,81,Buy,224.52999877929688,0.0,2.9472533504217346,661.7467911724707,2024-08-22
AAPL,82,Buy,226.83999633789062,0.0,2.9472533504217346,668.5549392165021,2024-08-23
AAPL,83,Buy,227.17999267578125,0.0,2.9472533504217346,669.5569945624815,2024-08-26
AAPL,84,Buy,228.02999877929688,0.0,2.9472533504217346,672.0621778989467,2024-08-27
AAPL,85,Buy,226.49000549316406,0.0,2.9472533504217346,667.5234275267649,2024-08-28
AAPL,86,Buy,229.7899932861328,0.0,2.9472533504217346,677.2493276059429,2024-08-29
AAPL,87,Buy,229.0,0.0,2.9472533504217346,674.9210172465772,2024-08-30
AAPL,88,Buy,222.77000427246094,0.0,2.9472533504217346,656.5596414654747,2024-09-03
AAPL,89,Sell,220.85000610351562,0.0,2.9472533504217346,650.900920429247,2024-09-04
AAPL,90,Sell,222.3800048828125,0.0,2.9472533504217346,655.4102144576708,2024-09-05
AAPL,91,Sell,220.82000732421875,0.0,2.9472533504217346,650.8125064264557,2024-09-06
AAPL,92,Sell,220.91000366210938,0.0,2.9472533504217346,651.0777484348296,2024-09-09
AAPL,93,Sell,220.11000061035156,0.0,2.9472533504217346,648.7199367601887,2024-09-10
AAPL,94,Sell,222.66000366210938,0.0,2.9472533504217346,656.2354417980675,2024-09-11
AAPL,95,Sell,222.77000427246094,0.0,2.9472533504217346,656.5596414654747,2024-09-12
AAPL,96,Sell,222.5,0.0,2.9472533504217346,655.763870468836,2024-09-13
AAPL,97,Sell,216.32000732421875,0.0,2.9472533504217346,637.5498663495579,2024-09-16
AAPL,98,Sell,216.7899932861328,0.0,2.9472533504217346,638.9350340504603,2024-09-17
AAPL,99,Sell,220.69000244140625,0.0,2.9472533504217346,650.4293491000153,2024-09-18
AAPL,100,Hold,228.8699951171875,0.0,2.9472533504217346,674.537859920137,2024-09-19
AAPL,101,Buy,228.1999969482422,0.0,2.9472533504217346,672.5632055719365,2024-09-20
AAPL,102,Buy,226.47000122070312,0.0,2.9472533504217346,667.4644698677316,2024-09-23
AAPL,103,Buy,227.3699951171875,0.0,2.9472533504217346,670.1169798945043,2024-09-24
AAPL,104,Buy,226.3699951171875,0.0,2.9472533504217346,667.1697265440826,2024-09-25
AAPL,105,Buy,227.52000427246094,0.0,2.9472533504217346,670.5590948799779,2024-09-26
AAPL,106,Buy,227.7899932861328,0.0,2.9472533504217346,671.3548209050994,2024-09-27
AAPL,107,Hold,233.0,0.0,2.9472533504217346,686.7100306482641,2024-09-30
AAPL,108,Buy,226.2100067138672,0.0,2.9472533504217346,666.6982001863681,2024-10-01
AAPL,109,Buy,226.77999877929688,0.0,2.9472533504217346,668.3781112109197,2024-10-02
AAPL,110,Buy,225.6699981689453,0.0,2.9472533504217346,665.1066581930908,2024-10-03
AAPL,111,Buy,226.8000030517578,0.0,2.9472533504217346,668.4370688699529,2024-10-04
AAPL,112,Sell,221.69000244140625,0.0,2.9472533504217346,653.3766024504371,2024-10-07
AAPL,113,Sell,225.77000427246094,0.0,2.9472533504217346,665.4014015167398,2024-10-08
AAPL,114,Buy,229.5399932861328,0.0,2.9472533504217346,676.5125142683374,2024-10-09
AAPL,115,Buy,229.0399932861328,0.0,2.9472533504217346,675.0388875931266,2024-10-10
AAPL,116,Buy,227.5500030517578,0.0,2.9472533504217346,670.6475088827691,2024-10-11
AAPL,117,Buy,231.3000030517578,0.0,2.9472533504217346,681.6997089468507,2024-10-14
AAPL,118,Buy,233.85000610351562,0.0,2.9472533504217346,689.2152139847295,2024-10-15
AAPL,119,Buy,231.77999877929688,0.0,2.9472533504217346,683.1143779630282,2024-10-16
AAPL,120,Buy,232.14999389648438,0.0,2.9472533504217346,684.2048473117989,2024-10-17
AAPL,121,Buy,235.0,0.0,2.9472533504217346,692.6045373491077,2024-10-18
AAPL,122,Buy,236.47999572753906,0.0,2.9472533504217346,696.966459715707,2024-10-21
AAPL,123,Buy,235.86000061035156,0.0,2.9472533504217346,695.139177029331,2024-10-22
AAPL,124,Buy,230.75999450683594,0.0,2.9472533504217346,680.1081669535733,2024-10-23
AAPL,125,Buy,230.57000732421875,0.0,2.9472533504217346,679.5482265930676,2024-10-24
AAPL,126,Buy,231.41000366210938,0.0,2.9472533504217346,682.0239086142577,2024-10-25
AAPL,127,Buy,233.39999389648438,0.0,2.9472533504217346,687.888913999826,2024-10-28
AAPL,128,Buy,233.6699981689453,0.0,2.9472533504217346,688.6846849964646,2024-10-29
AAPL,129,Buy,233.6699981689453,0.0,2.9472533504217346,688.6846849964646,2024-10-29
XOM,0,Hold,117.95999908447266,500,0,500.0,2024-04-26
XOM,1,Hold,119.63999938964844,500,0,500.0,2024-04-29
XOM,2,Sell,118.2699966430664,500,0,500.0,2024-04-30
XOM,3,Sell,116.02999877929688,500,0,500.0,2024-05-01
XOM,4,Hold,116.23999786376953,500,0,500.0,2024-05-02
XOM,5,Sell,116.0,500,0,500.0,2024-05-03
XOM,6,Hold,116.75,500,0,500.0,2024-05-06
XOM,7,Sell,116.16999816894531,500,0,500.0,2024-05-07
XOM,8,Hold,116.1500015258789,500,0,500.0,2024-05-08
XOM,9,Hold,118.44000244140625,500,0,500.0,2024-05-09
XOM,10,Sell,117.95999908447266,500,0,500.0,2024-05-10
XOM,11,Hold,117.91000366210938,500,0,500.0,2024-05-13
XOM,12,Sell,117.66999816894531,500,0,500.0,2024-05-14
XOM,13,Hold,118.58000183105469,500,0,500.0,2024-05-15
XOM,14,Sell,117.87000274658203,500,0,500.0,2024-05-16
XOM,15,Hold,119.63999938964844,500,0,500.0,2024-05-17
XOM,16,Sell,118.66999816894531,500,0,500.0,2024-05-20
XOM,17,Sell,117.8499984741211,500,0,500.0,2024-05-21
XOM,18,Sell,115.4800033569336,500,0,500.0,2024-05-22
XOM,19,Sell,113.51000213623047,500,0,500.0,2024-05-23
XOM,20,Hold,113.41999816894531,500,0,500.0,2024-05-24
XOM,21,Hold,114.86000061035156,500,0,500.0,2024-05-28
XOM,22,Sell,113.62999725341797,500,0,500.0,2024-05-29
XOM,23,Hold,113.98999786376953,500,0,500.0,2024-05-30
XOM,24,Hold,117.26000213623047,500,0,500.0,2024-05-31
XOM,25,Sell,114.44999694824219,500,0,500.0,2024-06-03
XOM,26,Sell,112.66999816894531,500,0,500.0,2024-06-04
XOM,27,Hold,113.12000274658203,500,0,500.0,2024-06-05
XOM,28,Hold,113.97000122070312,500,0,500.0,2024-06-06
XOM,29,Sell,112.75,500,0,500.0,2024-06-07
XOM,30,Hold,113.08000183105469,500,0,500.0,2024-06-10
XOM,31,Sell,112.16999816894531,500,0,500.0,2024-06-11
XOM,32,Sell,110.93000030517578,500,0,500.0,2024-06-12
XOM,33,Sell,110.04000091552734,500,0,500.0,2024-06-13
XOM,34,Sell,109.11000061035156,500,0,500.0,2024-06-14
XOM,35,Sell,108.36000061035156,500,0,500.0,2024-06-17
XOM,36,Hold,109.37999725341797,500,0,500.0,2024-06-18
XOM,37,Hold,111.73999786376953,500,0,500.0,2024-06-20
XOM,38,Sell,110.76000213623047,500,0,500.0,2024-06-21
XOM,39,Hold,114.05000305175781,500,0,500.0,2024-06-24
XOM,40,Hold,114.37000274658203,500,0,500.0,2024-06-25
XOM,41,Hold,114.41000366210938,500,0,500.0,2024-06-26
XOM,42,Hold,114.9000015258789,500,0,500.0,2024-06-27
XOM,43,Hold,115.12000274658203,500,0,500.0,2024-06-28
XOM,44,Buy,114.95999908447266,385.04000091552734,1,500.0,2024-07-01
XOM,45,Buy,114.18000030517578,270.86000061035156,2,499.2200012207031,2024-07-02
XOM,46,Hold,114.76000213623047,270.86000061035156,2,500.3800048828125,2024-07-03
XOM,47,Buy,113.37000274658203,157.48999786376953,3,497.6000061035156,2024-07-05
XOM,48,Sell,112.18000030517578,157.48999786376953,3,494.0299987792969,2024-07-08
XOM,49,Sell,110.94000244140625,157.48999786376953,3,490.3100051879883,2024-07-09
XOM,50,Hold,111.91999816894531,157.48999786376953,3,493.24999237060547,2024-07-10
XOM,51,Hold,113.25,157.48999786376953,3,497.23999786376953,2024-07-11
XOM,52,Hold,113.2699966430664,157.48999786376953,3,497.29998779296875,2024-07-12
XOM,53,Hold,115.20999908447266,157.48999786376953,3,503.1199951171875,2024-07-15
XOM,54,Hold,116.04000091552734,157.48999786376953,3,505.61000061035156,2024-07-16
XOM,55,Hold,117.63999938964844,157.48999786376953,3,510.40999603271484,2024-07-17
XOM,56,Hold,118.80000305175781,157.48999786376953,3,513.890007019043,2024-07-18
XOM,57,Buy,116.06999969482422,41.41999816894531,4,505.6999969482422,2024-07-19
XOM,58,Buy,115.2699966430664,0,4.359330262645902,502.49998474121094,2024-07-22
XOM,59,Buy,113.41000366210938,0,4.359330262645902,494.391661051016,2024-07-23
XOM,60,Hold,115.01000213623047,0,4.359330262645902,501.3665828194394,2024-07-24
XOM,61,Hold,117.43000030517578,0,4.359330262645902,511.9161540728703,2024-07-25
XOM,62,Hold,117.33000183105469,0,4.359330262645902,511.48022769841583,2024-07-26
XOM,63,Sell,116.0999984741211,0,4.359330262645902,506.11823684137914,2024-07-29
XOM,64,Hold,118.16999816894531,0,4.359330262645902,515.1420491546942,2024-07-30
XOM,65,Hold,118.58999633789062,0,4.359330262645902,516.9729598828334,2024-07-31
XOM,66,Sell,116.94999694824219,0,4.359330262645902,509.82366091281807,2024-08-01
XOM,67,Hold,116.87999725341797,0,4.359330262645902,509.5185091247949,2024-08-02
XOM,68,Sell,114.7699966430664,0,4.359330262645902,500.320319609888,2024-08-05
XOM,69,Sell,114.16000366210938,0,4.359330262645902,497.66115874800045,2024-08-06
XOM,70,Hold,115.68000030517578,0,4.359330262645902,504.28732611324,2024-08-07
XOM,71,Hold,117.88999938964844,0,4.359330262645902,513.9214420026013,2024-08-08
XOM,72,Hold,118.8499984741211,0,4.359330262645902,518.1063950636554,2024-08-09
XOM,73,Hold,119.0,0,4.359330262645902,518.7603012548624,2024-08-12
XOM,74,Sell,117.86000061035156,0,4.359330262645902,513.7906674161701,2024-08-13
XOM,75,Hold,118.94999694824219,0,4.359330262645902,518.5423214381099,2024-08-14
XOM,76,Sell,118.7300033569336,0,4.359330262645902,517.5832967179302,2024-08-15
XOM,77,Sell,118.16999816894531,0,4.359330262645902,515.1420491546942,2024-08-16
XOM,78,Hold,118.52999877929688,0,4.359330262645902,516.7114107099708,2024-08-19
XOM,79,Sell,114.58000183105469,0,4.359330262645902,499.4920694761396,2024-08-20
XOM,80,Sell,113.8499984741211,0,4.359330262645902,496.30974375042587,2024-08-21
XOM,81,Hold,114.7300033569336,0,4.359330262645902,500.1459756673466,2024-08-22
XOM,82,Hold,116.31999969482422,0,4.359330262645902,507.0772948206093,2024-08-23
XOM,83,Hold,118.80999755859375,0,4.359330262645902,517.9320178620635,2024-08-26
XOM,84,Sell,117.68000030517578,0,4.359330262645902,513.0059866385318,2024-08-27
XOM,85,Sell,116.5199966430664,0,4.359330262645902,507.94914756951835,2024-08-28
XOM,86,Hold,118.12999725341797,0,4.359330262645902,514.9676719531022,2024-08-29
XOM,87,Sell,117.94000244140625,0,4.359330262645902,514.1394218193539,2024-08-30
XOM,88,Sell,115.47000122070312,0,4.359330262645902,503.3718707491704,2024-09-03
XOM,89,Sell,114.05999755859375,0,4.359330262645902,497.22519911449547,2024-09-04
XOM,90,Sell,113.16999816894531,0,4.359330262645902,493.34539784146466,2024-09-05
XOM,91,Sell,112.63999938964844,0,4.359330262645902,491.0349581237104,2024-09-06
XOM,92,Hold,115.01000213623047,0,4.359330262645902,501.3665828194394,2024-09-09
XOM,93,Sell,110.81999969482422,0,4.359330262645902,483.1009783760569,2024-09-10
XOM,94,Sell,109.72000122070312,0,4.359330262645902,478.3057217389565,2024-09-11
XOM,95,Hold,111.2300033569336,0,4.359330262645902,484.8883197480859,2024-09-12
XOM,96,Hold,111.1500015258789,0,4.359330262645902,484.53956534490214,2024-09-13
XOM,97,Hold,112.70999908447266,0,4.359330262645902,491.3401099117336,2024-09-16
XOM,98,Hold,114.18000030517578,0,4.359330262645902,497.74833071927117,2024-09-17
XOM,99,Hold,114.58000183105469,0,4.359330262645902,499.4920694761396,2024-09-18
XOM,100,Hold,116.0,0,4.359330262645902,505.68231046692466,2024-09-19
XOM,101,Buy,115.2699966430664,0,4.359330262645902,502.49998474121094,2024-09-20
XOM,102,Hold,117.36000061035156,0,4.359330262645902,511.61100228484713,2024-09-23
XOM,103,Buy,117.05000305175781,0,4.359330262645902,510.25962054632305,2024-09-24
XOM,104,Buy,114.7699966430664,0,4.359330262645902,500.320319609888,2024-09-25
XOM,105,Sell,112.80000305175781,0,4.359330262645902,491.732466930078,2024-09-26
XOM,106,Hold,115.81999969482422,0,4.359330262645902,504.89762968928636,2024-09-27
XOM,107,Hold,117.22000122070312,0,4.359330262645902,511.00069870880077,2024-09-30
XOM,108,Hold,119.93000030517578,0,4.359330262645902,522.8144797294851,2024-10-01
XOM,109,Hold,121.5199966430664,0,4.359330262645902,529.7457988827479,2024-10-02
XOM,110,Hold,122.58000183105469,0,4.359330262645902,534.3667115773068,2024-10-03
XOM,111,Hold,124.83000183105469,0,4.359330262645902,544.1752046682601,2024-10-04
XOM,112,Hold,125.37000274658203,0,4.359330262645902,546.5292470011749,2024-10-07
XOM,113,Buy,122.04000091552734,0,4.359330262645902,532.012669244392,2024-10-08
XOM,114,Hold,122.08999633789062,0,4.359330262645902,532.230615802094,2024-10-09
XOM,115,Hold,123.13999938964844,0,4.359330262645902,536.8079258814923,2024-10-10
XOM,116,Hold,123.61000061035156,0,4.359330262645902,538.8568164263841,2024-10-11
XOM,117,Hold,124.08000183105469,0,4.359330262645902,540.9057069712757,2024-10-14
XOM,118,Sell,120.3499984741211,0,4.359330262645902,524.6453904576242,2024-10-15
XOM,119,Hold,120.66000366210938,0,4.359330262645902,525.9968054551988,2024-10-16
XOM,120,Sell,120.3499984741211,0,4.359330262645902,524.6453904576242,2024-10-17
XOM,121,Sell,120.01000213623047,0,4.359330262645902,523.1632341326689,2024-10-18
XOM,122,Hold,120.08000183105469,0,4.359330262645902,523.4683859206921,2024-10-21
XOM,123,Hold,120.69999694824219,0,4.359330262645902,526.1711493977402,2024-10-22
XOM,124,Sell,120.2699966430664,0,4.359330262645902,524.2966360544405,2024-10-23
XOM,125,Sell,119.58999633789062,0,4.359330262645902,521.3322901454792,2024-10-24
XOM,126,Hold,119.48999786376953,0,4.359330262645902,520.8963637710248,2024-10-25
XOM,127,Sell,118.9000015258789,0,4.359330262645902,518.3243748804078,2024-10-28
XOM,128,Sell,117.27999877929688,0,4.359330262645902,511.26224788166337,2024-10-29
XOM,129,Hold,117.27999877929688,0,4.359330262645902,511.26224788166337,2024-10-29
AMZN,0,Hold,179.6199951171875,500,0,500.0,2024-04-26
AMZN,1,Hold,180.9600067138672,500,0,500.0,2024-04-29
AMZN,2,Buy,175.0,325.0,1,500.0,2024-04-30
AMZN,3,Hold,179.0,325.0,1,504.0,2024-05-01
AMZN,4,Hold,184.72000122070312,325.0,1,509.7200012207031,2024-05-02
AMZN,5,Hold,186.2100067138672,325.0,1,511.2100067138672,2024-05-03
AMZN,6,Hold,188.6999969482422,325.0,1,513.6999969482422,2024-05-06
AMZN,7,Hold,188.75999450683594,325.0,1,513.7599945068359,2024-05-07
AMZN,8,Hold,188.0,325.0,1,513.0,2024-05-08
AMZN,9,Hold,189.5,325.0,1,514.5,2024-05-09
AMZN,10,Hold,187.47999572753906,325.0,1,512.4799957275391,2024-05-10
AMZN,11,Hold,186.57000732421875,325.0,1,511.57000732421875,2024-05-13
AMZN,12,Hold,187.07000732421875,325.0,1,512.0700073242188,2024-05-14
AMZN,13,Hold,185.99000549316406,325.0,1,510.99000549316406,2024-05-15
AMZN,14,Hold,183.6300048828125,325.0,1,508.6300048828125,2024-05-16
AMZN,15,Hold,184.6999969482422,325.0,1,509.6999969482422,2024-05-17
AMZN,16,Hold,183.5399932861328,325.0,1,508.5399932861328,2024-05-20
AMZN,17,Hold,183.14999389648438,325.0,1,508.1499938964844,2024-05-21
AMZN,18,Hold,183.1300048828125,325.0,1,508.1300048828125,2024-05-22
AMZN,19,Hold,181.0500030517578,325.0,1,506.0500030517578,2024-05-23
AMZN,20,Hold,180.75,325.0,1,505.75,2024-05-24
AMZN,21,Hold,182.14999389648438,325.0,1,507.1499938964844,2024-05-28
AMZN,22,Hold,182.02000427246094,325.0,1,507.02000427246094,2024-05-29
AMZN,23,Hold,179.32000732421875,325.0,1,504.32000732421875,2024-05-30
AMZN,24,Hold,176.44000244140625,325.0,1,501.44000244140625,2024-05-31
AMZN,25,Hold,178.33999633789062,325.0,1,503.3399963378906,2024-06-03
AMZN,26,Hold,179.33999633789062,325.0,1,504.3399963378906,2024-06-04
AMZN,27,Hold,181.27999877929688,325.0,1,506.2799987792969,2024-06-05
AMZN,28,Hold,185.0,325.0,1,510.0,2024-06-06
AMZN,29,Hold,184.3000030517578,325.0,1,509.3000030517578,2024-06-07
AMZN,30,Hold,187.05999755859375,325.0,1,512.0599975585938,2024-06-10
AMZN,31,Hold,187.22999572753906,325.0,1,512.2299957275391,2024-06-11
AMZN,32,Hold,186.88999938964844,325.0,1,511.88999938964844,2024-06-12
AMZN,33,Hold,183.8300018310547,325.0,1,508.8300018310547,2024-06-13
AMZN,34,Hold,183.66000366210938,325.0,1,508.6600036621094,2024-06-14
AMZN,35,Hold,184.05999755859375,325.0,1,509.05999755859375,2024-06-17
AMZN,36,Hold,182.80999755859375,325.0,1,507.80999755859375,2024-06-18
AMZN,37,Hold,186.10000610351562,325.0,1,511.1000061035156,2024-06-20
AMZN,38,Hold,189.0800018310547,325.0,1,514.0800018310547,2024-06-21
AMZN,39,Hold,185.57000732421875,325.0,1,510.57000732421875,2024-06-24
AMZN,40,Hold,186.33999633789062,325.0,1,511.3399963378906,2024-06-25
AMZN,41,Hold,193.61000061035156,325.0,1,518.6100006103516,2024-06-26
AMZN,42,Hold,197.85000610351562,325.0,1,522.8500061035156,2024-06-27
AMZN,43,Buy,193.25,131.75,2,518.25,2024-06-28
AMZN,44,Hold,197.1999969482422,131.75,2,526.1499938964844,2024-07-01
AMZN,45,Hold,200.0,131.75,2,531.75,2024-07-02
AMZN,46,Hold,197.58999633789062,131.75,2,526.9299926757812,2024-07-03
AMZN,47,Hold,200.0,131.75,2,531.75,2024-07-05
AMZN,48,Hold,199.2899932861328,131.75,2,530.3299865722656,2024-07-08
AMZN,49,Hold,199.33999633789062,131.75,2,530.4299926757812,2024-07-09
AMZN,50,Hold,199.7899932861328,131.75,2,531.3299865722656,2024-07-10
AMZN,51,Buy,195.0500030517578,0,2.6754678181934675,521.8500061035156,2024-07-11
AMZN,52,Hold,194.49000549316406,0,2.6754678181934675,520.3517506572312,2024-07-12
AMZN,53,Hold,192.72000122070312,0,2.6754678181934675,515.616161188197,2024-07-15
AMZN,54,Hold,193.02000427246094,0,2.6754678181934675,516.4188096985348,2024-07-16
AMZN,55,Sell,187.92999267578125,0,2.6754678181934675,502.8006474773868,2024-07-17
AMZN,56,Sell,183.75,0,2.6754678181934675,491.61721159304966,2024-07-18
AMZN,57,Hold,183.1300048828125,0,2.6754678181934675,489.9584346095774,2024-07-19
AMZN,58,Hold,182.5500030517578,0,2.6754678181934675,488.4066583760973,2024-07-22
AMZN,59,Hold,186.41000366210938,0,2.6754678181934675,498.73396578730006,2024-07-23
AMZN,60,Sell,180.8300018310547,0,2.6754678181934675,483.8048504628526,2024-07-24
AMZN,61,Hold,179.85000610351562,0,2.6754678181934675,481.18290343185475,2024-07-25
AMZN,62,Hold,182.5,0,2.6754678181934675,488.27287682030783,2024-07-26
AMZN,63,Hold,183.1999969482422,0,2.6754678181934675,490.1456961281634,2024-07-29
AMZN,64,Hold,181.7100067138672,0,2.6754678181934675,486.15927520667054,2024-07-30
AMZN,65,Hold,186.97999572753906,0,2.6754678181934675,500.2589612149828,2024-07-31
AMZN,66,Hold,184.07000732421875,0,2.6754678181934675,492.4733808905831,2024-08-01
AMZN,67,Sell,167.89999389648438,0,2.6754678181934675,449.21103034492353,2024-08-02
AMZN,68,Sell,161.02000427246094,0,2.6754678181934675,430.8038395163439,2024-08-05
AMZN,69,Hold,161.92999267578125,0,2.6754678181934675,433.2384842043566,2024-08-06
AMZN,70,Hold,162.77000427246094,0,2.6754678181934675,435.4859081981824,2024-08-07
AMZN,71,Hold,165.8000030517578,0,2.6754678181934675,443.59257242135675,2024-08-08
AMZN,72,Hold,166.94000244140625,0,2.6754678181934675,446.6426041011213,2024-08-09
AMZN,73,Hold,166.8000030517578,0,2.6754678181934675,446.2680402395502,2024-08-12
AMZN,74,Hold,170.22999572753906,0,2.6754678181934675,455.4448752602422,2024-08-13
AMZN,75,Hold,170.10000610351562,0,2.6754678181934675,455.0970922044684,2024-08-14
AMZN,76,Hold,177.58999633789062,0,2.6754678181934675,475.1363200351221,2024-08-15
AMZN,77,Hold,177.05999755859375,0,2.6754678181934675,473.71832535743147,2024-08-16
AMZN,78,Hold,178.22000122070312,0,2.6754678181934675,476.8218778243917,2024-08-19
AMZN,79,Hold,178.8800048828125,0,2.6754678181934675,478.58769638225516,2024-08-20
AMZN,80,Hold,180.11000061035156,0,2.6754678181934675,481.87851036780137,2024-08-21
AMZN,81,Buy,176.1300048828125,0,2.6754678181934675,471.2301598822231,2024-08-22
AMZN,82,Hold,177.0399932861328,0,2.6754678181934675,473.6648045702359,2024-08-23
AMZN,83,Hold,175.5,0,2.6754678181934675,469.54460209295354,2024-08-26
AMZN,84,Hold,173.1199951171875,0,2.6754678181934675,463.1769756218454,2024-08-27
AMZN,85,Hold,170.8000030517578,0,2.6754678181934675,456.9699115123241,2024-08-28
AMZN,86,Hold,172.1199951171875,0,2.6754678181934675,460.5015078036519,2024-08-29
AMZN,87,Hold,178.5,0,2.6754678181934675,477.57100554753396,2024-08-30
AMZN,88,Hold,176.25,0,2.6754678181934675,471.5512029565986,2024-09-03
AMZN,89,Hold,173.3300018310547,0,2.6754678181934675,463.7388418264016,2024-09-04
AMZN,90,Hold,177.88999938964844,0,2.6754678181934675,475.93896854545994,2024-09-05
AMZN,91,Buy,171.38999938964844,0,2.6754678181934675,458.5484277272024,2024-09-06
AMZN,92,Hold,175.39999389648438,0,2.6754678181934675,469.2770389813746,2024-09-09
AMZN,93,Hold,179.5500030517578,0,2.6754678181934675,480.3802549215169,2024-09-10
AMZN,94,Hold,184.52000427246094,0,2.6754678181934675,493.67733324389036,2024-09-11
AMZN,95,Hold,187.0,0,2.6754678181934675,500.3124820021784,2024-09-12
AMZN,96,Hold,186.49000549316406,0,2.6754678181934675,498.9480081116834,2024-09-13
AMZN,97,Hold,184.88999938964844,0,2.6754678181934675,494.66724327281423,2024-09-16
AMZN,98,Hold,186.8800048828125,0,2.6754678181934675,499.9914389278029,2024-09-17
AMZN,99,Hold,186.42999267578125,0,2.6754678181934675,498.7874457500966,2024-09-18
AMZN,100,Hold,189.8699951171875,0,2.6754678181934675,507.99106157658593,2024-09-19
AMZN,101,Hold,191.60000610351562,0,2.6754678181934675,512.619650295628,2024-09-20
AMZN,102,Hold,193.8800048828125,0,2.6754678181934675,518.7197136551572,2024-09-23
AMZN,103,Hold,193.9600067138672,0,2.6754678181934675,518.9337559795406,2024-09-24
AMZN,104,Hold,192.52999877929688,0,2.6754678181934675,515.1078157708364,2024-09-25
AMZN,105,Hold,191.16000366210938,0,2.6754678181934675,511.442437923719,2024-09-26
AMZN,106,Hold,187.97000122070312,0,2.6754678181934675,502.907689051778,2024-09-27
AMZN,107,Hold,186.3300018310547,0,2.6754678181934675,498.51992346291667,2024-09-30
AMZN,108,Hold,185.1300048828125,0,2.6754678181934675,495.3093702459643,2024-10-01
AMZN,109,Hold,184.75999450683594,0,2.6754678181934675,494.3194193926414,2024-10-02
AMZN,110,Hold,181.9600067138672,0,2.6754678181934675,486.8281421612189,2024-10-03
AMZN,111,Hold,186.50999450683594,0,2.6754678181934675,499.00148807447994,2024-10-04
AMZN,112,Sell,180.8000030517578,0,2.6754678181934675,483.7245896942587,2024-10-07
AMZN,113,Hold,182.72000122070312,0,2.6754678181934675,488.8614830062623,2024-10-08
AMZN,114,Hold,185.1699981689453,0,2.6754678181934675,495.41637099595647,2024-10-09
AMZN,115,Hold,186.64999389648438,0,2.6754678181934675,499.37605193605106,2024-10-10
AMZN,116,Hold,188.82000732421875,0,2.6754678181934675,505.1818530270021,2024-10-11
AMZN,117,Hold,187.5399932861328,0,2.6754678181934675,501.7572166612673,2024-10-14
AMZN,118,Hold,187.69000244140625,0,2.6754678181934675,502.15856132863576,2024-10-15
AMZN,119,Hold,186.88999938964844,0,2.6754678181934675,500.0181789092012,2024-10-16
AMZN,120,Hold,187.52999877929688,0,2.6754678181934675,501.730476679869,2024-10-17
AMZN,121,Hold,188.99000549316406,0,2.6754678181934675,505.63667765716707,2024-10-18
AMZN,122,Hold,189.07000732421875,0,2.6754678181934675,505.85071998155047,2024-10-21
AMZN,123,Hold,189.6999969482422,0,2.6754678181934675,507.53623694642096,2024-10-22
AMZN,124,Buy,184.7100067138672,0,2.6754678181934675,494.18567866125096,2024-10-23
AMZN,125,Hold,186.3800048828125,0,2.6754678181934675,498.65370501870615,2024-10-24
AMZN,126,Hold,187.8300018310547,0,2.6754678181934675,502.5331251902069,2024-10-25
AMZN,127,Hold,188.38999938964844,0,2.6754678181934675,504.03138063649135,2024-10-28
AMZN,128,Hold,190.8300018310547,0,2.6754678181934675,510.5595286447873,2024-10-29
AMZN,129,Hold,190.8300018310547,0,2.6754678181934675,510.5595286447873,2024-10-29
LYV,0,Hold,89.83000183105469,500,0,500.0,2024-04-26
LYV,1,Hold,90.54000091552734,500,0,500.0,2024-04-29
LYV,2,Sell,88.91000366210938,500,0,500.0,2024-04-30
LYV,3,Hold,89.27999877929688,500,0,500.0,2024-05-01
LYV,4,Sell,88.2699966430664,500,0,500.0,2024-05-02
LYV,5,Hold,94.66000366210938,500,0,500.0,2024-05-03
LYV,6,Hold,95.87999725341797,500,0,500.0,2024-05-06
LYV,7,Hold,96.33999633789062,500,0,500.0,2024-05-07
LYV,8,Buy,95.79000091552734,404.20999908447266,1,500.0,2024-05-08
LYV,9,Hold,97.02999877929688,404.20999908447266,1,501.23999786376953,2024-05-09
LYV,10,Hold,97.0199966430664,404.20999908447266,1,501.22999572753906,2024-05-10
LYV,11,Buy,95.58999633789062,308.62000274658203,2,499.7999954223633,2024-05-13
LYV,12,Hold,95.83000183105469,308.62000274658203,2,500.2800064086914,2024-05-14
LYV,13,Hold,96.4800033569336,308.62000274658203,2,501.5800094604492,2024-05-15
LYV,14,Hold,96.37999725341797,308.62000274658203,2,501.37999725341797,2024-05-16
LYV,15,Hold,96.58999633789062,308.62000274658203,2,501.7999954223633,2024-05-17
LYV,16,Hold,99.43000030517578,308.62000274658203,2,507.4800033569336,2024-05-20
LYV,17,Hold,101.9800033569336,308.62000274658203,2,512.5800094604492,2024-05-21
LYV,18,Buy,101.4000015258789,207.22000122070312,3,511.42000579833984,2024-05-22
LYV,19,Sell,93.4800033569336,207.22000122070312,3,487.6600112915039,2024-05-23
LYV,20,Hold,95.98999786376953,207.22000122070312,3,495.1899948120117,2024-05-24
LYV,21,Sell,94.88999938964844,207.22000122070312,3,491.88999938964844,2024-05-28
LYV,22,Sell,94.0,207.22000122070312,3,489.2200012207031,2024-05-29
LYV,23,Sell,93.31999969482422,207.22000122070312,3,487.1800003051758,2024-05-30
LYV,24,Hold,93.73999786376953,207.22000122070312,3,488.4399948120117,2024-05-31
LYV,25,Hold,94.3499984741211,207.22000122070312,3,490.2699966430664,2024-06-03
LYV,26,Sell,93.5199966430664,207.22000122070312,3,487.77999114990234,2024-06-04
LYV,27,Hold,93.5999984741211,207.22000122070312,3,488.0199966430664,2024-06-05
LYV,28,Sell,92.25,207.22000122070312,3,483.9700012207031,2024-06-06
LYV,29,Sell,90.52999877929688,207.22000122070312,3,478.80999755859375,2024-06-07
LYV,30,Sell,89.75,207.22000122070312,3,476.4700012207031,2024-06-10
LYV,31,Hold,89.77999877929688,207.22000122070312,3,476.55999755859375,2024-06-11
LYV,32,Hold,89.87999725341797,207.22000122070312,3,476.85999298095703,2024-06-12
LYV,33,Sell,89.05999755859375,207.22000122070312,3,474.3999938964844,2024-06-13
LYV,34,Sell,88.75,207.22000122070312,3,473.4700012207031,2024-06-14
LYV,35,Hold,90.43000030517578,207.22000122070312,3,478.51000213623047,2024-06-17
LYV,36,Hold,91.94000244140625,207.22000122070312,3,483.0400085449219,2024-06-18
LYV,37,Hold,92.27999877929688,207.22000122070312,3,484.05999755859375,2024-06-20
LYV,38,Hold,92.95999908447266,207.22000122070312,3,486.0999984741211,2024-06-21
LYV,39,Sell,89.37999725341797,207.22000122070312,3,475.35999298095703,2024-06-24
LYV,40,Hold,89.83999633789062,207.22000122070312,3,476.739990234375,2024-06-25
LYV,41,Hold,90.31999969482422,207.22000122070312,3,478.1800003051758,2024-06-26
LYV,42,Hold,90.80999755859375,207.22000122070312,3,479.6499938964844,2024-06-27
LYV,43,Hold,93.73999786376953,207.22000122070312,3,488.4399948120117,2024-06-28
LYV,44,Hold,94.7699966430664,207.22000122070312,3,491.52999114990234,2024-07-01
LYV,45,Hold,96.69999694824219,207.22000122070312,3,497.3199920654297,2024-07-02
LYV,46,Buy,94.79000091552734,112.43000030517578,4,491.59000396728516,2024-07-03
LYV,47,Hold,95.33999633789062,112.43000030517578,4,493.7899856567383,2024-07-05
LYV,48,Buy,94.47000122070312,17.959999084472656,5,490.3100051879883,2024-07-08
LYV,49,Hold,95.12000274658203,17.959999084472656,5,493.5600128173828,2024-07-09
LYV,50,Buy,94.43000030517578,0,5.190193784035054,490.11000061035156,2024-07-10
LYV,51,Hold,95.87999725341797,0,5.190193784035054,497.63576575798794,2024-07-11
LYV,52,Hold,97.94000244140625,0,5.190193784035054,508.32759187976467,2024-07-12
LYV,53,Hold,98.37999725341797,0,5.190193784035054,510.6112502180756,2024-07-15
LYV,54,Buy,97.16999816894531,0,5.190193784035054,504.3311204911575,2024-07-16
LYV,55,Buy,96.72000122070312,0,5.190193784035054,501.99554912755616,2024-07-17
LYV,56,Buy,94.7300033569336,0,5.190193784035054,491.6670745847765,2024-07-18
LYV,57,Hold,95.0999984741211,0,5.190193784035054,493.58742094212636,2024-07-19
LYV,58,Hold,95.06999969482422,0,5.190193784035054,493.4317214642911,2024-07-22
LYV,59,Hold,95.5999984741211,0,5.190193784035054,496.18251783414394,2024-07-23
LYV,60,Sell,92.66999816894531,0,5.190193784035054,480.9752484629998,2024-07-24
LYV,61,Sell,92.22000122070312,0,5.190193784035054,478.6396770993984,2024-07-25
LYV,62,Hold,93.63999938964844,0,5.190193784035054,486.00974276919953,2024-07-26
LYV,63,Hold,95.47000122070312,0,5.190193784035054,495.50780689751235,2024-07-29
LYV,64,Sell,94.62000274658203,0,5.190193784035054,491.0961501006898,2024-07-30
LYV,65,Hold,96.19000244140625,0,5.190193784035054,499.24475275770334,2024-07-31
LYV,66,Sell,92.9800033569336,0,5.190193784035054,482.5842354627151,2024-08-01
LYV,67,Sell,91.20999908447266,0,5.190193784035054,473.3975702900729,2024-08-02
LYV,68,Sell,88.05999755859375,0,5.190193784035054,457.0484519507553,2024-08-05
LYV,69,Hold,90.0,0,5.190193784035054,467.11744056315484,2024-08-06
LYV,70,Hold,90.08999633789062,0,5.190193784035054,467.5845389966607,2024-08-07
LYV,71,Hold,91.72000122070312,0,5.190193784035054,476.0445802073809,2024-08-08
LYV,72,Hold,92.18000030517578,0,5.190193784035054,478.4320645962727,2024-08-09
LYV,73,Sell,91.5999984741211,0,5.190193784035054,475.4217426980037,2024-08-12
LYV,74,Hold,91.87000274658203,0,5.190193784035054,476.82311719459335,2024-08-13
LYV,75,Hold,93.48999786376953,0,5.190193784035054,485.23120578198706,2024-08-14
LYV,76,Hold,94.43000030517578,0,5.190193784035054,490.11000061035156,2024-08-15
LYV,77,Hold,95.18000030517578,0,5.190193784035054,494.00264594837785,2024-08-16
LYV,78,Hold,96.52999877929688,0,5.190193784035054,501.00939963721794,2024-08-19
LYV,79,Hold,96.83999633789062,0,5.190193784035054,502.6183470388973,2024-08-20
LYV,80,Buy,96.47000122070312,0,5.190193784035054,500.6980006815474,2024-08-21
LYV,81,Buy,95.95999908447266,0,5.190193784035054,498.05099076423943,2024-08-22
LYV,82,Hold,96.77999877929688,0,5.190193784035054,502.3069480832267,2024-08-23
LYV,83,Buy,96.13999938964844,0,5.190193784035054,498.98522722928715,2024-08-26
LYV,84,Hold,96.58999633789062,0,5.190193784035054,501.32079859288854,2024-08-27
LYV,85,Hold,96.94999694824219,0,5.190193784035054,503.18927152298403,2024-08-28
LYV,86,Hold,96.7300033569336,0,5.190193784035054,502.0474621528466,2024-08-29
LYV,87,Hold,97.66999816894531,0,5.190193784035054,506.926217383175,2024-08-30
LYV,88,Buy,95.33999633789062,0,5.190193784035054,494.8330563628447,2024-09-03
LYV,89,Hold,95.26000213623047,0,5.190193784035054,494.4178709546293,2024-09-04
LYV,90,Sell,94.19999694824219,0,5.190193784035054,488.9162386168876,2024-09-05
LYV,91,Sell,92.77999877929688,0,5.190193784035054,481.5461729470865,2024-09-06
LYV,92,Hold,94.80000305175781,0,5.190193784035054,492.0303865657375,2024-09-09
LYV,93,Hold,96.05999755859375,0,5.190193784035054,498.5700022230357,2024-09-10
LYV,94,Hold,97.33000183105469,0,5.190193784035054,505.1615705036604,2024-09-11
LYV,95,Hold,97.2699966430664,0,5.190193784035054,504.8501319499538,2024-09-12
LYV,96,Hold,98.8499984741211,0,5.190193784035054,513.0506476322578,2024-09-13
LYV,97,Hold,101.5199966430664,0,5.190193784035054,526.9084555321027,2024-09-16
LYV,98,Hold,102.91999816894531,0,5.190193784035054,534.174734749359,2024-09-17
LYV,99,Hold,102.80000305175781,0,5.190193784035054,533.5519368380179,2024-09-18
LYV,100,Hold,104.31999969482422,0,5.190193784035054,541.4410139666154,2024-09-19
LYV,101,Buy,103.63999938964844,0,5.190193784035054,537.9116806095501,2024-09-20
LYV,102,Hold,104.66000366210938,0,5.190193784035054,543.205700444166,2024-09-23
LYV,103,Hold,107.43000030517578,0,5.190193784035054,557.5825198028073,2024-09-24
LYV,104,Buy,106.94999694824219,0,5.190193784035054,555.0912093633345,2024-09-25
LYV,105,Hold,108.1500015258789,0,5.190193784035054,561.3194656629983,2024-09-26
LYV,106,Hold,108.73999786376953,0,5.190193784035054,564.3816609885216,2024-09-27
LYV,107,Hold,109.48999786376953,0,5.190193784035054,568.274306326548,2024-09-30
LYV,108,Hold,110.61000061035156,0,5.190193784035054,574.0873376199602,2024-10-01
LYV,109,Hold,111.52999877929688,0,5.190193784035054,578.8623063977437,2024-10-02
LYV,110,Buy,109.05999755859375,0,5.190193784035054,566.0425214154914,2024-10-03
LYV,111,Hold,110.87000274658203,0,5.190193784035054,575.4367990912593,2024-10-04
LYV,112,Hold,110.81999969482422,0,5.190193784035054,575.1772735628432,2024-10-07
LYV,113,Hold,111.58999633789062,0,5.190193784035054,579.1737053534143,2024-10-08
LYV,114,Hold,112.55999755859375,0,5.190193784035054,584.2081996596141,2024-10-09
LYV,115,Hold,112.69000244140625,0,5.190193784035054,584.8829501942818,2024-10-10
LYV,116,Hold,114.80999755859375,0,5.190193784035054,595.8861356736929,2024-10-11
LYV,117,Hold,115.83999633789062,0,5.190193784035054,601.2320289355633,2024-10-14
LYV,118,Buy,115.3499984741211,0,5.190193784035054,598.6888450688363,2024-10-15
LYV,119,Buy,114.41000366210938,0,5.190193784035054,593.8100898385078,2024-10-16
LYV,120,Hold,115.20999908447266,0,5.190193784035054,597.9622211069142,2024-10-17
LYV,121,Hold,114.94000244140625,0,5.190193784035054,596.5608862083606,2024-10-18
LYV,122,Hold,114.95999908447266,0,5.190193784035054,596.6646726609055,2024-10-21
LYV,123,Hold,115.68000030517578,0,5.190193784035054,600.4016185210965,2024-10-22
LYV,124,Buy,114.7300033569336,0,5.190193784035054,595.4709502654775,2024-10-23
LYV,125,Hold,116.44999694824219,0,5.190193784035054,604.3980503116676,2024-10-24
LYV,126,Hold,116.31999969482422,0,5.190193784035054,603.723339375036,2024-10-25
LYV,127,Hold,118.43000030517578,0,5.190193784035054,614.6746514271929,2024-10-28
LYV,128,Hold,118.80999755859375,0,5.190193784035054,616.6469108098332,2024-10-29
LYV,129,Hold,118.80999755859375,0,5.190193784035054,616.6469108098332,2024-10-29
INTC,0,Hold,31.8799991607666,500,0,500.0,2024-04-26
INTC,1,Hold,31.360000610351562,500,0,500.0,2024-04-29
INTC,2,Hold,30.469999313354492,500,0,500.0,2024-04-30
INTC,3,Hold,30.3700008392334,500,0,500.0,2024-05-01
INTC,4,Hold,30.510000228881836,500,0,500.0,2024-05-02
INTC,5,Hold,30.899999618530273,500,0,500.0,2024-05-03
INTC,6,Hold,30.969999313354492,500,0,500.0,2024-05-06
INTC,7,Hold,30.68000030517578,500,0,500.0,2024-05-07
INTC,8,Hold,30.0,500,0,500.0,2024-05-08
INTC,9,Hold,30.09000015258789,500,0,500.0,2024-05-09
INTC,10,Hold,29.850000381469727,500,0,500.0,2024-05-10
INTC,11,Hold,30.510000228881836,500,0,500.0,2024-05-13
INTC,12,Hold,31.049999237060547,500,0,500.0,2024-05-14
INTC,13,Hold,31.270000457763672,500,0,500.0,2024-05-15
INTC,14,Hold,32.029998779296875,500,0,500.0,2024-05-16
INTC,15,Hold,31.829999923706055,500,0,500.0,2024-05-17
INTC,16,Hold,32.099998474121094,500,0,500.0,2024-05-20
INTC,17,Hold,31.739999771118164,500,0,500.0,2024-05-21
INTC,18,Hold,31.420000076293945,500,0,500.0,2024-05-22
INTC,19,Hold,30.079999923706055,500,0,500.0,2024-05-23
INTC,20,Hold,30.719999313354492,500,0,500.0,2024-05-24
INTC,21,Hold,31.059999465942383,500,0,500.0,2024-05-28
INTC,22,Hold,30.1299991607666,500,0,500.0,2024-05-29
INTC,23,Hold,30.190000534057617,500,0,500.0,2024-05-30
INTC,24,Hold,30.850000381469727,500,0,500.0,2024-05-31
INTC,25,Hold,30.290000915527344,500,0,500.0,2024-06-03
INTC,26,Hold,30.030000686645508,500,0,500.0,2024-06-04
INTC,27,Hold,30.780000686645508,500,0,500.0,2024-06-05
INTC,28,Hold,30.420000076293945,500,0,500.0,2024-06-06
INTC,29,Hold,30.739999771118164,500,0,500.0,2024-06-07
INTC,30,Hold,30.90999984741211,500,0,500.0,2024-06-10
INTC,31,Hold,30.920000076293945,500,0,500.0,2024-06-11
INTC,32,Hold,30.760000228881836,500,0,500.0,2024-06-12
INTC,33,Hold,30.459999084472656,500,0,500.0,2024-06-13
INTC,34,Hold,30.450000762939453,500,0,500.0,2024-06-14
INTC,35,Hold,30.979999542236328,500,0,500.0,2024-06-17
INTC,36,Hold,30.6299991607666,500,0,500.0,2024-06-18
INTC,37,Hold,30.6200008392334,500,0,500.0,2024-06-20
INTC,38,Hold,31.09000015258789,500,0,500.0,2024-06-21
INTC,39,Hold,30.56999969482422,500,0,500.0,2024-06-24
INTC,40,Hold,30.739999771118164,500,0,500.0,2024-06-25
INTC,41,Hold,30.540000915527344,500,0,500.0,2024-06-26
INTC,42,Hold,30.59000015258789,500,0,500.0,2024-06-27
INTC,43,Hold,30.969999313354492,500,0,500.0,2024-06-28
INTC,44,Hold,30.84000015258789,500,0,500.0,2024-07-01
INTC,45,Hold,31.06999969482422,500,0,500.0,2024-07-02
INTC,46,Hold,31.229999542236328,500,0,500.0,2024-07-03
INTC,47,Hold,32.02000045776367,500,0,500.0,2024-07-05
INTC,48,Hold,33.9900016784668,500,0,500.0,2024-07-08
INTC,49,Hold,34.59000015258789,500,0,500.0,2024-07-09
INTC,50,Hold,34.869998931884766,500,0,500.0,2024-07-10
INTC,51,Hold,33.5,500,0,500.0,2024-07-11
INTC,52,Hold,34.4900016784668,500,0,500.0,2024-07-12
INTC,53,Hold,34.459999084472656,500,0,500.0,2024-07-15
INTC,54,Hold,34.34000015258789,500,0,500.0,2024-07-16
INTC,55,Hold,34.459999084472656,500,0,500.0,2024-07-17
INTC,56,Hold,34.869998931884766,500,0,500.0,2024-07-18
INTC,57,Buy,32.97999954223633,467.0200004577637,1,500.0,2024-07-19
INTC,58,Hold,33.369998931884766,467.0200004577637,1,500.38999938964844,2024-07-22
INTC,59,Hold,32.95000076293945,467.0200004577637,1,499.9700012207031,2024-07-23
INTC,60,Hold,31.700000762939453,467.0200004577637,1,498.7200012207031,2024-07-24
INTC,61,Hold,31.100000381469727,467.0200004577637,1,498.1200008392334,2024-07-25
INTC,62,Hold,31.350000381469727,467.0200004577637,1,498.3700008392334,2024-07-26
INTC,63,Hold,30.829999923706055,467.0200004577637,1,497.8500003814697,2024-07-29
INTC,64,Hold,30.1299991607666,467.0200004577637,1,497.1499996185303,2024-07-30
INTC,65,Hold,30.739999771118164,467.0200004577637,1,497.76000022888184,2024-07-31
INTC,66,Sell,29.049999237060547,467.0200004577637,1,496.0699996948242,2024-08-01
INTC,67,Sell,21.479999542236328,467.0200004577637,1,488.5,2024-08-02
INTC,68,Sell,20.110000610351562,467.0200004577637,1,487.13000106811523,2024-08-05
INTC,69,Hold,19.829999923706055,467.0200004577637,1,486.8500003814697,2024-08-06
INTC,70,Hold,18.989999771118164,467.0200004577637,1,486.01000022888184,2024-08-07
INTC,71,Hold,20.489999771118164,467.0200004577637,1,487.51000022888184,2024-08-08
INTC,72,Hold,19.709999084472656,467.0200004577637,1,486.7299995422363,2024-08-09
INTC,73,Hold,19.360000610351562,467.0200004577637,1,486.38000106811523,2024-08-12
INTC,74,Hold,20.469999313354492,467.0200004577637,1,487.48999977111816,2024-08-13
INTC,75,Hold,19.920000076293945,467.0200004577637,1,486.9400005340576,2024-08-14
INTC,76,Hold,20.690000534057617,467.0200004577637,1,487.7100009918213,2024-08-15
INTC,77,Hold,20.8700008392334,467.0200004577637,1,487.89000129699707,2024-08-16
INTC,78,Hold,21.520000457763672,467.0200004577637,1,488.54000091552734,2024-08-19
INTC,79,Hold,20.989999771118164,467.0200004577637,1,488.01000022888184,2024-08-20
INTC,80,Hold,21.40999984741211,467.0200004577637,1,488.4300003051758,2024-08-21
INTC,81,Buy,20.100000381469727,446.92000007629395,2,487.1200008392334,2024-08-22
INTC,82,Hold,20.540000915527344,446.92000007629395,2,488.00000190734863,2024-08-23
INTC,83,Hold,20.1299991607666,446.92000007629395,2,487.17999839782715,2024-08-26
INTC,84,Hold,20.06999969482422,446.92000007629395,2,487.0599994659424,2024-08-27
INTC,85,Hold,19.610000610351562,446.92000007629395,2,486.14000129699707,2024-08-28
INTC,86,Hold,20.1299991607666,446.92000007629395,2,487.17999839782715,2024-08-29
INTC,87,Hold,22.040000915527344,446.92000007629395,2,491.00000190734863,2024-08-30
INTC,88,Buy,20.100000381469727,426.8199996948242,3,487.1200008392334,2024-09-03
INTC,89,Hold,19.43000030517578,426.8199996948242,3,485.11000061035156,2024-09-04
INTC,90,Hold,19.399999618530273,426.8199996948242,3,485.01999855041504,2024-09-05
INTC,91,Hold,18.889999389648438,426.8199996948242,3,483.48999786376953,2024-09-06
INTC,92,Hold,19.06999969482422,426.8199996948242,3,484.0299987792969,2024-09-09
INTC,93,Hold,18.979999542236328,426.8199996948242,3,483.7599983215332,2024-09-10
INTC,94,Hold,19.639999389648438,426.8199996948242,3,485.73999786376953,2024-09-11
INTC,95,Hold,19.360000610351562,426.8199996948242,3,484.9000015258789,2024-09-12
INTC,96,Hold,19.65999984741211,426.8199996948242,3,485.79999923706055,2024-09-13
INTC,97,Hold,20.90999984741211,426.8199996948242,3,489.54999923706055,2024-09-16
INTC,98,Hold,21.469999313354492,426.8199996948242,3,491.2299976348877,2024-09-17
INTC,99,Hold,20.770000457763672,426.8199996948242,3,489.13000106811523,2024-09-18
INTC,100,Hold,21.139999389648438,426.8199996948242,3,490.23999786376953,2024-09-19
INTC,101,Hold,21.84000015258789,426.8199996948242,3,492.3400001525879,2024-09-20
INTC,102,Hold,22.559999465942383,426.8199996948242,3,494.49999809265137,2024-09-23
INTC,103,Hold,22.809999465942383,426.8199996948242,3,495.24999809265137,2024-09-24
INTC,104,Hold,23.540000915527344,426.8199996948242,3,497.44000244140625,2024-09-25
INTC,105,Hold,23.920000076293945,426.8199996948242,3,498.57999992370605,2024-09-26
INTC,106,Hold,23.90999984741211,426.8199996948242,3,498.54999923706055,2024-09-27
INTC,107,Hold,23.459999084472656,426.8199996948242,3,497.1999969482422,2024-09-30
INTC,108,Hold,22.690000534057617,426.8199996948242,3,494.89000129699707,2024-10-01
INTC,109,Hold,22.389999389648438,426.8199996948242,3,493.98999786376953,2024-10-02
INTC,110,Hold,22.260000228881836,426.8199996948242,3,493.6000003814697,2024-10-03
INTC,111,Hold,22.59000015258789,426.8199996948242,3,494.5900001525879,2024-10-04
INTC,112,Hold,22.3799991607666,426.8199996948242,3,493.959997177124,2024-10-07
INTC,113,Hold,23.31999969482422,426.8199996948242,3,496.7799987792969,2024-10-08
INTC,114,Hold,23.459999084472656,426.8199996948242,3,497.1999969482422,2024-10-09
INTC,115,Hold,23.219999313354492,426.8199996948242,3,496.4799976348877,2024-10-10
INTC,116,Hold,23.559999465942383,426.8199996948242,3,497.49999809265137,2024-10-11
INTC,117,Hold,23.440000534057617,426.8199996948242,3,497.14000129699707,2024-10-14
INTC,118,Hold,22.65999984741211,426.8199996948242,3,494.79999923706055,2024-10-15
INTC,119,Hold,22.309999465942383,426.8199996948242,3,493.74999809265137,2024-10-16
INTC,120,Hold,22.440000534057617,426.8199996948242,3,494.14000129699707,2024-10-17
INTC,121,Hold,22.770000457763672,426.8199996948242,3,495.13000106811523,2024-10-18
INTC,122,Hold,22.84000015258789,426.8199996948242,3,495.3400001525879,2024-10-21
INTC,123,Hold,22.399999618530273,426.8199996948242,3,494.01999855041504,2024-10-22
INTC,124,Hold,21.979999542236328,426.8199996948242,3,492.7599983215332,2024-10-23
INTC,125,Hold,22.34000015258789,426.8199996948242,3,493.8400001525879,2024-10-24
INTC,126,Hold,22.68000030517578,426.8199996948242,3,494.86000061035156,2024-10-25
INTC,127,Hold,22.920000076293945,426.8199996948242,3,495.57999992370605,2024-10-28
INTC,128,Hold,22.899999618530273,426.8199996948242,3,495.51999855041504,2024-10-29
INTC,129,Hold,22.899999618530273,426.8199996948242,3,495.51999855041504,2024-10-29
DNMR,0,Hold,0.8050000071525574,500,0,500.0,2024-04-26
DNMR,1,Hold,0.8769999742507935,500,0,500.0,2024-04-29
DNMR,2,Hold,0.75,500,0,500.0,2024-04-30
DNMR,3,Hold,0.7379999756813049,500,0,500.0,2024-05-01
DNMR,4,Hold,0.7670000195503235,500,0,500.0,2024-05-02
DNMR,5,Hold,0.8050000071525574,500,0,500.0,2024-05-03
DNMR,6,Hold,0.8040000200271606,500,0,500.0,2024-05-06
DNMR,7,Hold,0.8199999928474426,500,0,500.0,2024-05-07
DNMR,8,Hold,0.7900000214576721,500,0,500.0,2024-05-08
DNMR,9,Hold,0.7509999871253967,500,0,500.0,2024-05-09
DNMR,10,Hold,0.7580000162124634,500,0,500.0,2024-05-10
DNMR,11,Hold,0.7950000166893005,500,0,500.0,2024-05-13
DNMR,12,Hold,0.8169999718666077,500,0,500.0,2024-05-14
DNMR,13,Hold,0.7490000128746033,500,0,500.0,2024-05-15
DNMR,14,Hold,0.753000020980835,500,0,500.0,2024-05-16
DNMR,15,Hold,0.7870000004768372,500,0,500.0,2024-05-17
DNMR,16,Hold,0.7979999780654907,500,0,500.0,2024-05-20
DNMR,17,Hold,0.8090000152587891,500,0,500.0,2024-05-21
DNMR,18,Hold,0.7639999985694885,500,0,500.0,2024-05-22
DNMR,19,Hold,0.7089999914169312,500,0,500.0,2024-05-23
DNMR,20,Hold,0.6779999732971191,500,0,500.0,2024-05-24
DNMR,21,Hold,0.7200000286102295,500,0,500.0,2024-05-28
DNMR,22,Hold,0.746999979019165,500,0,500.0,2024-05-29
DNMR,23,Hold,0.7329999804496765,500,0,500.0,2024-05-30
DNMR,24,Hold,0.7799999713897705,500,0,500.0,2024-05-31
DNMR,25,Hold,0.7300000190734863,500,0,500.0,2024-06-03
DNMR,26,Hold,0.6909999847412109,500,0,500.0,2024-06-04
DNMR,27,Hold,0.6840000152587891,500,0,500.0,2024-06-05
DNMR,28,Hold,0.6570000052452087,500,0,500.0,2024-06-06
DNMR,29,Hold,0.6299999952316284,500,0,500.0,2024-06-07
DNMR,30,Hold,0.6629999876022339,500,0,500.0,2024-06-10
DNMR,31,Hold,0.6779999732971191,500,0,500.0,2024-06-11
DNMR,32,Hold,0.6890000104904175,500,0,500.0,2024-06-12
DNMR,33,Hold,0.671999990940094,500,0,500.0,2024-06-13
DNMR,34,Hold,0.6480000019073486,500,0,500.0,2024-06-14
DNMR,35,Hold,0.621999979019165,500,0,500.0,2024-06-17
DNMR,36,Hold,0.621999979019165,500,0,500.0,2024-06-18
DNMR,37,Hold,0.6100000143051147,500,0,500.0,2024-06-20
DNMR,38,Hold,0.6150000095367432,500,0,500.0,2024-06-21
DNMR,39,Hold,0.6460000276565552,500,0,500.0,2024-06-24
DNMR,40,Hold,0.6320000290870667,500,0,500.0,2024-06-25
DNMR,41,Hold,0.6779999732971191,500,0,500.0,2024-06-26
DNMR,42,Hold,0.7400000095367432,500,0,500.0,2024-06-27
DNMR,43,Buy,0.6029999852180481,499.39700001478195,1,500.0,2024-06-28
DNMR,44,Hold,0.5630000233650208,499.39700001478195,1,499.960000038147,2024-07-01
DNMR,45,Hold,0.5550000071525574,499.39700001478195,1,499.9520000219345,2024-07-02
DNMR,46,Hold,0.5699999928474426,499.39700001478195,1,499.9670000076294,2024-07-03
DNMR,47,Hold,0.5400000214576721,499.39700001478195,1,499.9370000362396,2024-07-05
DNMR,48,Hold,0.5619999766349792,499.39700001478195,1,499.95899999141693,2024-07-08
DNMR,49,Hold,0.5509999990463257,499.39700001478195,1,499.9480000138283,2024-07-09
DNMR,50,Hold,0.5709999799728394,499.39700001478195,1,499.9679999947548,2024-07-10
DNMR,51,Hold,0.6050000190734863,499.39700001478195,1,500.00200003385544,2024-07-11
DNMR,52,Hold,0.6800000071525574,499.39700001478195,1,500.0770000219345,2024-07-12
DNMR,53,Hold,0.6159999966621399,499.39700001478195,1,500.0130000114441,2024-07-15
DNMR,54,Hold,0.628000020980835,499.39700001478195,1,500.0250000357628,2024-07-16
DNMR,55,Hold,0.5849999785423279,499.39700001478195,1,499.9819999933243,2024-07-17
DNMR,56,Hold,0.574999988079071,499.39700001478195,1,499.972000002861,2024-07-18
DNMR,57,Hold,0.5759999752044678,499.39700001478195,1,499.9729999899864,2024-07-19
DNMR,58,Hold,0.5759999752044678,499.39700001478195,1,499.9729999899864,2024-07-22
DNMR,59,Hold,0.5600000023841858,499.39700001478195,1,499.95700001716614,2024-07-23
DNMR,60,Hold,0.5379999876022339,499.39700001478195,1,499.9350000023842,2024-07-24
DNMR,61,Hold,0.5320000052452087,499.39700001478195,1,499.92900002002716,2024-07-25
DNMR,62,Hold,0.5199999809265137,499.39700001478195,1,499.91699999570847,2024-07-26
DNMR,63,Hold,0.5149999856948853,499.39700001478195,1,499.91200000047684,2024-07-29
DNMR,64,Sell,0.382999986410141,499.39700001478195,1,499.7800000011921,2024-07-30
DNMR,65,Hold,0.38999998569488525,499.39700001478195,1,499.78700000047684,2024-07-31
DNMR,66,Hold,0.3709999918937683,499.39700001478195,1,499.7680000066757,2024-08-01
DNMR,67,Hold,0.36500000953674316,499.39700001478195,1,499.7620000243187,2024-08-02
DNMR,68,Hold,0.39800000190734863,499.39700001478195,1,499.7950000166893,2024-08-05
DNMR,69,Hold,0.4099999964237213,499.39700001478195,1,499.8070000112057,2024-08-06
DNMR,70,Hold,0.4099999964237213,499.39700001478195,1,499.8070000112057,2024-08-07
DNMR,71,Hold,0.4620000123977661,499.39700001478195,1,499.8590000271797,2024-08-08
DNMR,72,Hold,0.40700000524520874,499.39700001478195,1,499.80400002002716,2024-08-09
DNMR,73,Hold,0.39500001072883606,499.39700001478195,1,499.7920000255108,2024-08-12
DNMR,74,Hold,0.3799999952316284,499.39700001478195,1,499.7770000100136,2024-08-13
DNMR,75,Hold,0.3540000021457672,499.39700001478195,1,499.7510000169277,2024-08-14
DNMR,76,Hold,0.3700000047683716,499.39700001478195,1,499.7670000195503,2024-08-15
DNMR,77,Hold,0.4050000011920929,499.39700001478195,1,499.80200001597404,2024-08-16
DNMR,78,Hold,0.4099999964237213,499.39700001478195,1,499.8070000112057,2024-08-19
DNMR,79,Hold,0.41499999165534973,499.39700001478195,1,499.8120000064373,2024-08-20
DNMR,80,Hold,0.41600000858306885,499.39700001478195,1,499.813000023365,2024-08-21
DNMR,81,Hold,0.38600000739097595,499.39700001478195,1,499.7830000221729,2024-08-22
DNMR,82,Hold,0.3700000047683716,499.39700001478195,1,499.7670000195503,2024-08-23
DNMR,83,Hold,0.3619999885559082,499.39700001478195,1,499.75900000333786,2024-08-26
DNMR,84,Hold,0.3449999988079071,499.39700001478195,1,499.74200001358986,2024-08-27
DNMR,85,Hold,0.34200000762939453,499.39700001478195,1,499.73900002241135,2024-08-28
DNMR,86,Hold,0.3799999952316284,499.39700001478195,1,499.7770000100136,2024-08-29
DNMR,87,Hold,0.375,499.39700001478195,1,499.77200001478195,2024-08-30
DNMR,88,Hold,0.35199999809265137,499.39700001478195,1,499.7490000128746,2024-09-03
DNMR,89,Hold,0.32499998807907104,499.39700001478195,1,499.722000002861,2024-09-04
DNMR,90,Hold,0.31700000166893005,499.39700001478195,1,499.7140000164509,2024-09-05
DNMR,91,Hold,0.3009999990463257,499.39700001478195,1,499.6980000138283,2024-09-06
DNMR,92,Hold,0.3149999976158142,499.39700001478195,1,499.71200001239777,2024-09-09
DNMR,93,Hold,0.32199999690055847,499.39700001478195,1,499.7190000116825,2024-09-10
DNMR,94,Hold,0.328000009059906,499.39700001478195,1,499.72500002384186,2024-09-11
DNMR,95,Hold,0.33000001311302185,499.39700001478195,1,499.727000027895,2024-09-12
DNMR,96,Hold,0.39500001072883606,499.39700001478195,1,499.7920000255108,2024-09-13
DNMR,97,Hold,0.39899998903274536,499.39700001478195,1,499.7960000038147,2024-09-16
DNMR,98,Hold,0.382999986410141,499.39700001478195,1,499.7800000011921,2024-09-17
DNMR,99,Hold,0.34299999475479126,499.39700001478195,1,499.74000000953674,2024-09-18
DNMR,100,Hold,0.38499999046325684,499.39700001478195,1,499.7820000052452,2024-09-19
DNMR,101,Hold,0.32499998807907104,499.39700001478195,1,499.722000002861,2024-09-20
DNMR,102,Hold,0.3700000047683716,499.39700001478195,1,499.7670000195503,2024-09-23
DNMR,103,Hold,0.3779999911785126,499.39700001478195,1,499.77500000596046,2024-09-24
DNMR,104,Hold,0.375,499.39700001478195,1,499.77200001478195,2024-09-25
DNMR,105,Hold,0.3840000033378601,499.39700001478195,1,499.7810000181198,2024-09-26
DNMR,106,Hold,0.42800000309944153,499.39700001478195,1,499.8250000178814,2024-09-27
DNMR,107,Hold,0.45399999618530273,499.39700001478195,1,499.85100001096725,2024-09-30
DNMR,108,Hold,0.4440000057220459,499.39700001478195,1,499.841000020504,2024-10-01
DNMR,109,Hold,0.4480000138282776,499.39700001478195,1,499.84500002861023,2024-10-02
DNMR,110,Hold,0.4359999895095825,499.39700001478195,1,499.83300000429153,2024-10-03
DNMR,111,Hold,0.5,499.39700001478195,1,499.89700001478195,2024-10-04
DNMR,112,Hold,0.4650000035762787,499.39700001478195,1,499.86200001835823,2024-10-07
DNMR,113,Hold,0.43700000643730164,499.39700001478195,1,499.83400002121925,2024-10-08
DNMR,114,Hold,0.42800000309944153,499.39700001478195,1,499.8250000178814,2024-10-09
DNMR,115,Hold,0.41600000858306885,499.39700001478195,1,499.813000023365,2024-10-10
DNMR,116,Hold,0.4169999957084656,499.39700001478195,1,499.8140000104904,2024-10-11
DNMR,117,Hold,0.40799999237060547,499.39700001478195,1,499.80500000715256,2024-10-14
DNMR,118,Hold,0.375,499.39700001478195,1,499.77200001478195,2024-10-15
DNMR,119,Hold,0.4090000092983246,499.39700001478195,1,499.8060000240803,2024-10-16
DNMR,120,Hold,0.4129999876022339,499.39700001478195,1,499.8100000023842,2024-10-17
DNMR,121,Hold,0.4000000059604645,499.39700001478195,1,499.7970000207424,2024-10-18
DNMR,122,Hold,0.40700000524520874,499.39700001478195,1,499.80400002002716,2024-10-21
DNMR,123,Hold,0.41100001335144043,499.39700001478195,1,499.8080000281334,2024-10-22
DNMR,124,Hold,0.4020000100135803,499.39700001478195,1,499.79900002479553,2024-10-23
DNMR,125,Hold,0.3959999978542328,499.39700001478195,1,499.7930000126362,2024-10-24
DNMR,126,Hold,0.39399999380111694,499.39700001478195,1,499.79100000858307,2024-10-25
DNMR,127,Hold,0.3889999985694885,499.39700001478195,1,499.78600001335144,2024-10-28
DNMR,128,Hold,0.3610000014305115,499.39700001478195,1,499.75800001621246,2024-10-29
DNMR,129,Hold,0.3610000014305115,499.39700001478195,1,499.75800001621246,2024-10-29
SPCE,0,Hold,17.760000228881836,500,0,500.0,2024-04-26
SPCE,1,Hold,17.68000030517578,500,0,500.0,2024-04-29
SPCE,2,Buy,17.399999618530273,482.6000003814697,1,500.0,2024-04-30
SPCE,3,Hold,18.540000915527344,482.6000003814697,1,501.14000129699707,2024-05-01
SPCE,4,Buy,17.639999389648438,464.9600009918213,2,500.23999977111816,2024-05-02
SPCE,5,Hold,18.959999084472656,464.9600009918213,2,502.8799991607666,2024-05-03
SPCE,6,Hold,20.600000381469727,464.9600009918213,2,506.16000175476074,2024-05-06
SPCE,7,Buy,20.200000762939453,444.76000022888184,3,505.3600025177002,2024-05-07
SPCE,8,Buy,19.899999618530273,424.86000061035156,4,504.45999908447266,2024-05-08
SPCE,9,Hold,20.600000381469727,424.86000061035156,4,507.26000213623047,2024-05-09
SPCE,10,Buy,19.040000915527344,405.8199996948242,5,501.02000427246094,2024-05-10
SPCE,11,Hold,20.799999237060547,405.8199996948242,5,509.81999588012695,2024-05-13
SPCE,12,Hold,25.399999618530273,405.8199996948242,5,532.8199977874756,2024-05-14
SPCE,13,Buy,21.200000762939453,384.61999893188477,6,511.8200035095215,2024-05-15
SPCE,14,Buy,20.600000381469727,364.01999855041504,7,508.2200012207031,2024-05-16
SPCE,15,Buy,20.200000762939453,343.8199977874756,8,505.4200038909912,2024-05-17
SPCE,16,Buy,19.8799991607666,323.939998626709,9,502.8599910736084,2024-05-20
SPCE,17,Buy,19.399999618530273,304.5399990081787,10,498.53999519348145,2024-05-21
SPCE,18,Sell,18.399999618530273,304.5399990081787,10,488.53999519348145,2024-05-22
SPCE,19,Sell,18.079999923706055,304.5399990081787,10,485.33999824523926,2024-05-23
SPCE,20,Sell,17.139999389648438,304.5399990081787,10,475.9399929046631,2024-05-24
SPCE,21,Hold,21.0,304.5399990081787,10,514.5399990081787,2024-05-28
SPCE,22,Sell,19.020000457763672,304.5399990081787,10,494.74000358581543,2024-05-29
SPCE,23,Sell,17.579999923706055,304.5399990081787,10,480.33999824523926,2024-05-30
SPCE,24,Sell,17.299999237060547,304.5399990081787,10,477.5399913787842,2024-05-31
SPCE,25,Hold,18.15999984741211,304.5399990081787,10,486.1399974822998,2024-06-03
SPCE,26,Sell,17.299999237060547,304.5399990081787,10,477.5399913787842,2024-06-04
SPCE,27,Hold,17.260000228881836,304.5399990081787,10,477.14000129699707,2024-06-05
SPCE,28,Sell,16.559999465942383,304.5399990081787,10,470.13999366760254,2024-06-06
SPCE,29,Hold,16.920000076293945,304.5399990081787,10,473.73999977111816,2024-06-07
SPCE,30,Sell,16.040000915527344,304.5399990081787,10,464.94000816345215,2024-06-10
SPCE,31,Hold,18.020000457763672,304.5399990081787,10,484.74000358581543,2024-06-11
SPCE,32,Sell,17.040000915527344,304.5399990081787,10,474.94000816345215,2024-06-12
SPCE,33,Sell,14.600000381469727,304.5399990081787,10,450.540002822876,2024-06-13
SPCE,34,Sell,13.699999809265137,304.5399990081787,10,441.5399971008301,2024-06-14
SPCE,35,Sell,11.699999809265137,304.5399990081787,10,421.5399971008301,2024-06-17
SPCE,36,Sell,10.130000114440918,304.5399990081787,10,405.8400001525879,2024-06-18
SPCE,37,Sell,8.859999656677246,304.5399990081787,10,393.1399955749512,2024-06-20
SPCE,38,Hold,9.520000457763672,304.5399990081787,10,399.74000358581543,2024-06-21
SPCE,39,Sell,8.84000015258789,304.5399990081787,10,392.9400005340576,2024-06-24
SPCE,40,Sell,8.710000038146973,304.5399990081787,10,391.63999938964844,2024-06-25
SPCE,41,Hold,8.880000114440918,304.5399990081787,10,393.3400001525879,2024-06-26
SPCE,42,Sell,8.75,304.5399990081787,10,392.0399990081787,2024-06-27
SPCE,43,Sell,8.430000305175781,304.5399990081787,10,388.8400020599365,2024-06-28
SPCE,44,Sell,7.929999828338623,304.5399990081787,10,383.83999729156494,2024-07-01
SPCE,45,Hold,7.940000057220459,304.5399990081787,10,383.9399995803833,2024-07-02
SPCE,46,Hold,7.869999885559082,304.5399990081787,10,383.23999786376953,2024-07-03
SPCE,47,Hold,8.239999771118164,304.5399990081787,10,386.93999671936035,2024-07-05
SPCE,48,Buy,7.820000171661377,296.71999883651733,11,382.7400007247925,2024-07-08
SPCE,49,Buy,7.039999961853027,289.6799988746643,12,374.15999841690063,2024-07-09
SPCE,50,Hold,7.059999942779541,289.6799988746643,12,374.3999981880188,2024-07-10
SPCE,51,Hold,7.71999979019165,289.6799988746643,12,382.3199963569641,2024-07-11
SPCE,52,Hold,8.170000076293945,289.6799988746643,12,387.71999979019165,2024-07-12
SPCE,53,Buy,7.550000190734863,282.12999868392944,13,380.28000116348267,2024-07-15
SPCE,54,Hold,8.039999961853027,282.12999868392944,13,386.6499981880188,2024-07-16
SPCE,55,Buy,7.150000095367432,274.979998588562,14,375.07999992370605,2024-07-17
SPCE,56,Buy,6.559999942779541,268.41999864578247,15,366.8199977874756,2024-07-18
SPCE,57,Buy,6.460000038146973,261.9599986076355,16,365.31999921798706,2024-07-19
SPCE,58,Hold,7.039999961853027,261.9599986076355,16,374.59999799728394,2024-07-22
SPCE,59,Buy,6.860000133514404,255.0999984741211,17,371.72000074386597,2024-07-23
SPCE,60,Buy,6.460000038146973,248.63999843597412,18,364.91999912261963,2024-07-24
SPCE,61,Hold,6.71999979019165,248.63999843597412,18,369.5999946594238,2024-07-25
SPCE,62,Hold,7.449999809265137,248.63999843597412,18,382.7399950027466,2024-07-26
SPCE,63,Buy,7.090000152587891,241.54999828338623,19,376.26000118255615,2024-07-29
SPCE,64,Hold,7.059999942779541,241.54999828338623,19,375.6899971961975,2024-07-30
SPCE,65,Hold,7.110000133514404,241.54999828338623,19,376.6400008201599,2024-07-31
SPCE,66,Buy,6.400000095367432,235.1499981880188,20,363.15000009536743,2024-08-01
SPCE,67,Buy,6.010000228881836,229.13999795913696,21,355.3500027656555,2024-08-02
SPCE,68,Buy,5.940000057220459,223.1999979019165,22,353.8799991607666,2024-08-05
SPCE,69,Buy,5.639999866485596,217.5599980354309,23,347.2799949645996,2024-08-06
SPCE,70,Buy,5.269999980926514,212.2899980545044,24,338.7699975967407,2024-08-07
SPCE,71,Hold,6.010000228881836,212.2899980545044,24,356.53000354766846,2024-08-08
SPCE,72,Hold,6.139999866485596,212.2899980545044,24,359.6499948501587,2024-08-09
SPCE,73,Buy,5.820000171661377,206.46999788284302,25,351.97000217437744,2024-08-12
SPCE,74,Hold,6.170000076293945,206.46999788284302,25,360.71999979019165,2024-08-13
SPCE,75,Hold,6.210000038146973,206.46999788284302,25,361.71999883651733,2024-08-14
SPCE,76,Hold,6.849999904632568,206.46999788284302,25,377.7199954986572,2024-08-15
SPCE,77,Buy,6.570000171661377,199.89999771118164,26,370.72000217437744,2024-08-16
SPCE,78,Hold,6.820000171661377,199.89999771118164,26,377.22000217437744,2024-08-19
SPCE,79,Buy,6.510000228881836,193.3899974822998,27,369.1600036621094,2024-08-20
SPCE,80,Hold,7.010000228881836,193.3899974822998,27,382.6600036621094,2024-08-21
SPCE,81,Buy,6.670000076293945,186.71999740600586,28,373.4799995422363,2024-08-22
SPCE,82,Hold,7.119999885559082,186.71999740600586,28,386.07999420166016,2024-08-23
SPCE,83,Hold,7.050000190734863,186.71999740600586,28,384.12000274658203,2024-08-26
SPCE,84,Buy,6.820000171661377,179.89999723434448,29,377.6800022125244,2024-08-27
SPCE,85,Buy,6.420000076293945,173.47999715805054,30,366.0799994468689,2024-08-28
SPCE,86,Hold,6.579999923706055,173.47999715805054,30,370.8799948692322,2024-08-29
SPCE,87,Hold,6.690000057220459,173.47999715805054,30,374.1799988746643,2024-08-30
SPCE,88,Buy,6.159999847412109,167.31999731063843,31,358.2799925804138,2024-09-03
SPCE,89,Hold,6.289999961853027,167.31999731063843,31,362.3099961280823,2024-09-04
SPCE,90,Buy,6.039999961853027,161.2799973487854,32,354.5599961280823,2024-09-05
SPCE,91,Buy,5.840000152587891,155.4399971961975,33,348.1600022315979,2024-09-06
SPCE,92,Hold,5.989999771118164,155.4399971961975,33,353.1099896430969,2024-09-09
SPCE,93,Buy,5.920000076293945,149.51999711990356,34,350.7999997138977,2024-09-10
SPCE,94,Hold,6.239999771118164,149.51999711990356,34,361.67998933792114,2024-09-11
SPCE,95,Hold,6.28000020980835,149.51999711990356,34,363.04000425338745,2024-09-12
SPCE,96,Hold,6.989999771118164,149.51999711990356,34,387.17998933792114,2024-09-13
SPCE,97,Hold,7.159999847412109,149.51999711990356,34,392.9599919319153,2024-09-16
SPCE,98,Buy,6.96999979019165,142.5499973297119,35,386.4999899864197,2024-09-17
SPCE,99,Buy,6.590000152587891,135.95999717712402,36,373.2000026702881,2024-09-18
SPCE,100,Buy,6.5,129.45999717712402,37,369.959997177124,2024-09-19
SPCE,101,Buy,6.28000020980835,123.17999696731567,38,361.82000494003296,2024-09-20
SPCE,102,Buy,6.090000152587891,117.08999681472778,39,354.6000027656555,2024-09-23
SPCE,103,Hold,6.099999904632568,117.08999681472778,39,354.98999309539795,2024-09-24
SPCE,104,Buy,5.840000152587891,111.24999666213989,40,344.8500027656555,2024-09-25
SPCE,105,Hold,6.03000020980835,111.24999666213989,40,352.4500050544739,2024-09-26
SPCE,106,Hold,6.21999979019165,111.24999666213989,40,360.0499882698059,2024-09-27
SPCE,107,Buy,6.099999904632568,105.14999675750732,41,355.2499928474426,2024-09-30
SPCE,108,Buy,5.840000152587891,99.30999660491943,42,344.59000301361084,2024-10-01
SPCE,109,Hold,6.03000020980835,99.30999660491943,42,352.5700054168701,2024-10-02
SPCE,110,Buy,5.829999923706055,93.47999668121338,43,344.16999340057373,2024-10-03
SPCE,111,Hold,6.099999904632568,93.47999668121338,43,355.7799925804138,2024-10-04
SPCE,112,Hold,6.150000095367432,93.47999668121338,43,357.93000078201294,2024-10-07
SPCE,113,Hold,6.170000076293945,93.47999668121338,43,358.789999961853,2024-10-08
SPCE,114,Hold,6.139999866485596,93.47999668121338,43,357.499990940094,2024-10-09
SPCE,115,Hold,6.130000114440918,93.47999668121338,43,357.07000160217285,2024-10-10
SPCE,116,Hold,6.25,93.47999668121338,43,362.2299966812134,2024-10-11
SPCE,117,Hold,6.590000152587891,93.47999668121338,43,376.8500032424927,2024-10-14
SPCE,118,Hold,6.769999980926514,93.47999668121338,43,384.58999586105347,2024-10-15
SPCE,119,Hold,7.150000095367432,93.47999668121338,43,400.93000078201294,2024-10-16
SPCE,120,Buy,7.059999942779541,86.41999673843384,44,397.05999422073364,2024-10-17
SPCE,121,Hold,7.710000038146973,86.41999673843384,44,425.65999841690063,2024-10-18
SPCE,122,Buy,7.269999980926514,79.14999675750732,45,406.29999589920044,2024-10-21
SPCE,123,Hold,7.340000152587891,79.14999675750732,45,409.4500036239624,2024-10-22
SPCE,124,Buy,7.090000152587891,72.05999660491943,46,398.2000036239624,2024-10-23
SPCE,125,Hold,7.150000095367432,72.05999660491943,46,400.9600009918213,2024-10-24
SPCE,126,Buy,7.050000190734863,65.00999641418457,47,396.36000537872314,2024-10-25
SPCE,127,Hold,7.739999771118164,65.00999641418457,47,428.7899856567383,2024-10-28
SPCE,128,Buy,7.349999904632568,57.659996509552,48,410.4599919319153,2024-10-29
SPCE,129,Hold,7.349999904632568,57.659996509552,48,410.4599919319153,2024-10-29
