Stock Name,Day,Action,Stock Price,Cash,Shares Held,Portfolio Value,Date,Actual Sell
Stock Name,Day,Action,Stock Price,Cash,Shares Held,Portfolio Value,Date,Actual Sell
DJT,0,Hold,14.670000076293945,10000,0,10000.0,2023-11-02,
DJT,1,Hold,14.850000381469727,10000,0,10000.0,2023-11-03,
DJT,2,Hold,15.069999694824219,10000,0,10000.0,2023-11-06,
DJT,3,Hold,15.449999809265137,10000,0,10000.0,2023-11-07,
DJT,4,Hold,15.380000114440918,10000,0,10000.0,2023-11-08,
DJT,5,Hold,15.130000114440918,10000,0,10000.0,2023-11-09,
DJT,6,Hold,15.140000343322754,10000,0,10000.0,2023-11-10,
DJT,7,Hold,15.180000305175781,10000,0,10000.0,2023-11-13,
DJT,8,Hold,15.625,10000,0,10000.0,2023-11-14,
DJT,9,Hold,15.925000190734863,10000,0,10000.0,2023-11-15,
DJT,10,Hold,16.68000030517578,10000,0,10000.0,2023-11-16,
DJT,11,Hold,16.18000030517578,10000,0,10000.0,2023-11-17,
DJT,12,Hold,16.6200008392334,10000,0,10000.0,2023-11-20,
DJT,13,Hold,17.3799991607666,10000,0,10000.0,2023-11-21,
DJT,14,Hold,17.059999465942383,10000,0,10000.0,2023-11-22,
DJT,15,Hold,18.149999618530273,10000,0,10000.0,2023-11-24,
DJT,16,Hold,18.079999923706055,10000,0,10000.0,2023-11-27,
DJT,17,Hold,18.139999389648438,10000,0,10000.0,2023-11-28,
DJT,18,Hold,17.670000076293945,10000,0,10000.0,2023-11-29,
DJT,19,Hold,17.360000610351562,10000,0,10000.0,2023-11-30,
DJT,20,Hold,17.479999542236328,10000,0,10000.0,2023-12-01,
DJT,21,Hold,17.65999984741211,10000,0,10000.0,2023-12-04,
DJT,22,Hold,17.290000915527344,10000,0,10000.0,2023-12-05,
DJT,23,Hold,17.260000228881836,10000,0,10000.0,2023-12-06,
DJT,24,Hold,17.06999969482422,10000,0,10000.0,2023-12-07,
DJT,25,Hold,17.170000076293945,10000,0,10000.0,2023-12-08,
DJT,26,Hold,17.350000381469727,10000,0,10000.0,2023-12-11,
DJT,27,Hold,17.5,10000,0,10000.0,2023-12-12,
DJT,28,Hold,17.950000762939453,10000,0,10000.0,2023-12-13,
DJT,29,Hold,17.899999618530273,10000,0,10000.0,2023-12-14,
DJT,30,Hold,17.59000015258789,10000,0,10000.0,2023-12-15,
DJT,31,Hold,17.829999923706055,10000,0,10000.0,2023-12-18,
DJT,32,Hold,17.829999923706055,10000,0,10000.0,2023-12-19,
DJT,33,Hold,17.440000534057617,10000,0,10000.0,2023-12-20,
DJT,34,Hold,17.260000228881836,10000,0,10000.0,2023-12-21,
DJT,35,Hold,16.969999313354492,10000,0,10000.0,2023-12-22,
DJT,36,Hold,18.170000076293945,10000,0,10000.0,2023-12-26,
DJT,37,Hold,17.950000762939453,10000,0,10000.0,2023-12-27,
DJT,38,Hold,17.729999542236328,10000,0,10000.0,2023-12-28,
DJT,39,Hold,17.5,10000,0,10000.0,2023-12-29,
DJT,40,Hold,17.450000762939453,10000,0,10000.0,2024-01-02,
DJT,41,Hold,17.440000534057617,10000,0,10000.0,2024-01-03,
DJT,42,Hold,17.350000381469727,10000,0,10000.0,2024-01-04,
DJT,43,Hold,17.229999542236328,10000,0,10000.0,2024-01-05,
DJT,44,Hold,17.239999771118164,10000,0,10000.0,2024-01-08,
DJT,45,Hold,17.229999542236328,10000,0,10000.0,2024-01-09,
DJT,46,Hold,17.079999923706055,10000,0,10000.0,2024-01-10,
DJT,47,Hold,16.920000076293945,10000,0,10000.0,2024-01-11,
DJT,48,Hold,17.31999969482422,10000,0,10000.0,2024-01-12,
DJT,49,Hold,22.350000381469727,10000,0,10000.0,2024-01-16,
DJT,50,Hold,23.049999237060547,10000,0,10000.0,2024-01-17,
DJT,51,Hold,25.579999923706055,10000,0,10000.0,2024-01-18,
DJT,52,Hold,26.3799991607666,10000,0,10000.0,2024-01-19,
DJT,53,Hold,49.689998626708984,10000,0,10000.0,2024-01-22,
DJT,54,Hold,50.75,10000,0,10000.0,2024-01-23,
DJT,55,Buy,38.150001525878906,9961.849998474121,1,10000.0,2024-01-24,
DJT,56,Hold,34.90999984741211,9961.849998474121,1,9996.759998321533,2024-01-25,
DJT,57,Hold,38.18000030517578,9961.849998474121,1,10000.029998779297,2024-01-26,
DJT,58,Hold,36.209999084472656,9961.849998474121,1,9998.059997558594,2024-01-29,
DJT,59,Hold,37.79999923706055,9961.849998474121,1,9999.649997711182,2024-01-30,
DJT,60,Hold,37.95000076293945,9961.849998474121,1,9999.79999923706,2024-01-31,
DJT,61,Hold,40.220001220703125,9961.849998474121,1,10002.069999694824,2024-02-01,
DJT,62,Hold,40.599998474121094,9961.849998474121,1,10002.449996948242,2024-02-02,
DJT,63,Hold,47.58000183105469,9961.849998474121,1,10009.430000305176,2024-02-05,
DJT,64,Hold,45.4900016784668,9961.849998474121,1,10007.340000152588,2024-02-06,
DJT,65,Hold,45.63999938964844,9961.849998474121,1,10007.48999786377,2024-02-07,
DJT,66,Hold,47.65999984741211,9961.849998474121,1,10009.509998321533,2024-02-08,
DJT,67,Hold,47.029998779296875,9961.849998474121,1,10008.879997253418,2024-02-09,
DJT,68,Hold,45.31999969482422,9961.849998474121,1,10007.169998168945,2024-02-12,
DJT,69,Hold,41.31999969482422,9961.849998474121,1,10003.169998168945,2024-02-13,
DJT,70,Hold,43.54999923706055,9961.849998474121,1,10005.399997711182,2024-02-14,
DJT,71,Hold,50.560001373291016,9961.849998474121,1,10012.409999847412,2024-02-15,
DJT,72,Hold,48.540000915527344,9961.849998474121,1,10010.389999389648,2024-02-16,
DJT,73,Hold,44.880001068115234,9961.849998474121,1,10006.729999542236,2024-02-20,
DJT,74,Hold,43.15999984741211,9961.849998474121,1,10005.009998321533,2024-02-21,
DJT,75,Hold,46.68000030517578,9961.849998474121,1,10008.529998779297,2024-02-22,
DJT,76,Hold,49.68000030517578,9961.849998474121,1,10011.529998779297,2024-02-23,
DJT,77,Hold,47.22999954223633,9961.849998474121,1,10009.079998016357,2024-02-26,
DJT,78,Hold,45.630001068115234,9961.849998474121,1,10007.479999542236,2024-02-27,
DJT,79,Hold,45.15999984741211,9961.849998474121,1,10007.009998321533,2024-02-28,
DJT,80,Hold,41.15999984741211,9961.849998474121,1,10003.009998321533,2024-02-29,
DJT,81,Hold,38.939998626708984,9961.849998474121,1,10000.78999710083,2024-03-01,
DJT,82,Hold,45.90999984741211,9961.849998474121,1,10007.759998321533,2024-03-04,
DJT,83,Hold,46.5,9961.849998474121,1,10008.349998474121,2024-03-05,
DJT,84,Hold,40.189998626708984,9961.849998474121,1,10002.03999710083,2024-03-06,
DJT,85,Hold,41.27000045776367,9961.849998474121,1,10003.119998931885,2024-03-07,
DJT,86,Hold,39.97999954223633,9961.849998474121,1,10001.829998016357,2024-03-08,
DJT,87,Hold,39.09000015258789,9961.849998474121,1,10000.939998626709,2024-03-11,
DJT,88,Hold,40.189998626708984,9961.849998474121,1,10002.03999710083,2024-03-12,
DJT,89,Hold,40.189998626708984,9961.849998474121,1,10002.03999710083,2024-03-13,
DJT,90,Hold,41.08000183105469,9961.849998474121,1,10002.930000305176,2024-03-14,
DJT,91,Hold,38.97999954223633,9961.849998474121,1,10000.829998016357,2024-03-15,
DJT,92,Hold,35.57500076293945,9961.849998474121,1,9997.42499923706,2024-03-18,
DJT,93,Hold,36.41999816894531,9961.849998474121,1,9998.269996643066,2024-03-19,
DJT,94,Hold,42.900001525878906,9961.849998474121,1,10004.75,2024-03-20,
DJT,95,Hold,42.810001373291016,9961.849998474121,1,10004.659999847412,2024-03-21,
DJT,96,Hold,36.939998626708984,9961.849998474121,1,9998.78999710083,2024-03-22,
DJT,97,Hold,49.95000076293945,9961.849998474121,1,10011.79999923706,2024-03-25,
DJT,98,Hold,57.9900016784668,9961.849998474121,1,10019.840000152588,2024-03-26,
DJT,99,Hold,66.22000122070312,9961.849998474121,1,10028.069999694824,2024-03-27,
DJT,100,Hold,61.959999084472656,9961.849998474121,1,10023.809997558594,2024-03-28,
DJT,101,Buy,48.65999984741211,9913.189998626709,2,10010.509998321533,2024-04-01,
DJT,102,Hold,51.599998474121094,9913.189998626709,2,10016.389995574951,2024-04-02,
DJT,103,Hold,48.810001373291016,9913.189998626709,2,10010.810001373291,2024-04-03,
DJT,104,Hold,46.150001525878906,9913.189998626709,2,10005.490001678467,2024-04-04,
DJT,105,Hold,40.59000015258789,9913.189998626709,2,9994.369998931885,2024-04-05,
DJT,106,Hold,37.16999816894531,9913.189998626709,2,9987.5299949646,2024-04-08,
DJT,107,Hold,37.470001220703125,9913.189998626709,2,9988.130001068115,2024-04-09,
DJT,108,Hold,34.2599983215332,9913.189998626709,2,9981.709995269775,2024-04-10,
DJT,109,Hold,32.40999984741211,9913.189998626709,2,9978.009998321533,2024-04-11,
DJT,110,Hold,32.59000015258789,9913.189998626709,2,9978.369998931885,2024-04-12,
DJT,111,Sell,26.610000610351562,9913.189998626709,2,9966.409999847412,2024-04-15,
DJT,112,Hold,22.84000015258789,9913.189998626709,2,9958.869998931885,2024-04-16,
DJT,113,Hold,26.399999618530273,9913.189998626709,2,9965.98999786377,2024-04-17,
DJT,114,Hold,33.189998626708984,9913.189998626709,2,9979.569995880127,2024-04-18,
DJT,115,Hold,36.380001068115234,9913.189998626709,2,9985.95000076294,2024-04-19,
DJT,116,Hold,35.5,9913.189998626709,2,9984.189998626709,2024-04-22,
DJT,117,Hold,32.56999969482422,9913.189998626709,2,9978.329998016357,2024-04-23,
DJT,118,Hold,35.66999816894531,9913.189998626709,2,9984.5299949646,2024-04-24,
DJT,119,Hold,38.4900016784668,9913.189998626709,2,9990.170001983643,2024-04-25,
DJT,120,Hold,41.540000915527344,9913.189998626709,2,9996.270000457764,2024-04-26,
DJT,121,Hold,46.689998626708984,9913.189998626709,2,10006.569995880127,2024-04-29,
DJT,122,Hold,49.93000030517578,9913.189998626709,2,10013.04999923706,2024-04-30,
DJT,123,Hold,45.130001068115234,9913.189998626709,2,10003.45000076294,2024-05-01,
DJT,124,Hold,48.68000030517578,9913.189998626709,2,10010.54999923706,2024-05-02,
DJT,125,Hold,47.93000030517578,9913.189998626709,2,10009.04999923706,2024-05-03,
DJT,126,Hold,49.18000030517578,9913.189998626709,2,10011.54999923706,2024-05-06,
DJT,127,Hold,47.66999816894531,9913.189998626709,2,10008.5299949646,2024-05-07,
DJT,128,Hold,49.2599983215332,9913.189998626709,2,10011.709995269775,2024-05-08,
DJT,129,Hold,54.38999938964844,9913.189998626709,2,10021.969997406006,2024-05-09,
DJT,130,Hold,50.9900016784668,9913.189998626709,2,10015.170001983643,2024-05-10,
DJT,131,Hold,51.650001525878906,9913.189998626709,2,10016.490001678467,2024-05-13,
DJT,132,Hold,53.400001525878906,9913.189998626709,2,10019.990001678467,2024-05-14,
DJT,133,Hold,52.5099983215332,9913.189998626709,2,10018.209995269775,2024-05-15,
DJT,134,Hold,52.150001525878906,9913.189998626709,2,10017.490001678467,2024-05-16,
DJT,135,Hold,50.915000915527344,9913.189998626709,2,10015.020000457764,2024-05-17,
DJT,136,Hold,48.380001068115234,9913.189998626709,2,10009.95000076294,2024-05-20,
DJT,137,Hold,44.189998626708984,9913.189998626709,2,10001.569995880127,2024-05-21,
DJT,138,Hold,44.59000015258789,9913.189998626709,2,10002.369998931885,2024-05-22,
DJT,139,Hold,43.90999984741211,9913.189998626709,2,10001.009998321533,2024-05-23,
DJT,140,Hold,45.810001373291016,9913.189998626709,2,10004.810001373291,2024-05-24,
DJT,141,Hold,49.93000030517578,9913.189998626709,2,10013.04999923706,2024-05-28,
DJT,142,Hold,51.119998931884766,9913.189998626709,2,10015.429996490479,2024-05-29,
DJT,143,Hold,51.84000015258789,9913.189998626709,2,10016.869998931885,2024-05-30,
DJT,144,Hold,49.09000015258789,9913.189998626709,2,10011.369998931885,2024-05-31,
DJT,145,Hold,46.7400016784668,9913.189998626709,2,10006.670001983643,2024-06-03,
DJT,146,Hold,45.4900016784668,9913.189998626709,2,10004.170001983643,2024-06-04,
DJT,147,Hold,46.75,9913.189998626709,2,10006.689998626709,2024-06-05,
DJT,148,Hold,46.02000045776367,9913.189998626709,2,10005.229999542236,2024-06-06,
DJT,149,Hold,44.59000015258789,9913.189998626709,2,10002.369998931885,2024-06-07,
DJT,150,Hold,42.09000015258789,9913.189998626709,2,9997.369998931885,2024-06-10,
DJT,151,Hold,39.310001373291016,9913.189998626709,2,9991.810001373291,2024-06-11,
DJT,152,Hold,40.93000030517578,9913.189998626709,2,9995.04999923706,2024-06-12,
DJT,153,Hold,39.93000030517578,9913.189998626709,2,9993.04999923706,2024-06-13,
DJT,154,Hold,37.04999923706055,9913.189998626709,2,9987.28999710083,2024-06-14,
DJT,155,Hold,34.720001220703125,9913.189998626709,2,9982.630001068115,2024-06-17,
DJT,156,Hold,31.309999465942383,9913.189998626709,2,9975.809997558594,2024-06-18,
DJT,157,Hold,26.75,9913.189998626709,2,9966.689998626709,2024-06-20,
DJT,158,Hold,27.65999984741211,9913.189998626709,2,9968.509998321533,2024-06-21,
DJT,159,Hold,33.52000045776367,9913.189998626709,2,9980.229999542236,2024-06-24,
DJT,160,Hold,36.369998931884766,9913.189998626709,2,9985.929996490479,2024-06-25,
DJT,161,Hold,39.25,9913.189998626709,2,9991.689998626709,2024-06-26,
DJT,162,Hold,36.72999954223633,9913.189998626709,2,9986.649997711182,2024-06-27,
DJT,163,Hold,32.75,9913.189998626709,2,9978.689998626709,2024-06-28,
DJT,164,Hold,33.08000183105469,9913.189998626709,2,9979.350002288818,2024-07-01,
DJT,165,Hold,31.729999542236328,9913.189998626709,2,9976.649997711182,2024-07-02,
DJT,166,Hold,31.100000381469727,9913.189998626709,2,9975.389999389648,2024-07-03,
DJT,167,Hold,29.170000076293945,9913.189998626709,2,9971.529998779297,2024-07-05,
DJT,168,Hold,30.31999969482422,9913.189998626709,2,9973.829998016357,2024-07-08,
DJT,169,Hold,29.899999618530273,9913.189998626709,2,9972.98999786377,2024-07-09,
DJT,170,Hold,28.799999237060547,9913.189998626709,2,9970.78999710083,2024-07-10,
DJT,171,Hold,29.860000610351562,9913.189998626709,2,9972.909999847412,2024-07-11,
DJT,172,Hold,30.889999389648438,9913.189998626709,2,9974.969997406006,2024-07-12,
DJT,173,Hold,40.58000183105469,9913.189998626709,2,9994.350002288818,2024-07-15,
DJT,174,Hold,36.88999938964844,9913.189998626709,2,9986.969997406006,2024-07-16,
DJT,175,Hold,36.439998626708984,9913.189998626709,2,9986.069995880127,2024-07-17,
DJT,176,Hold,37.380001068115234,9913.189998626709,2,9987.95000076294,2024-07-18,
DJT,177,Hold,34.9900016784668,9913.189998626709,2,9983.170001983643,2024-07-19,
DJT,178,Hold,34.70000076293945,9913.189998626709,2,9982.590000152588,2024-07-22,
DJT,179,Hold,32.90999984741211,9913.189998626709,2,9979.009998321533,2024-07-23,
DJT,180,Hold,30.6200008392334,9913.189998626709,2,9974.430000305176,2024-07-24,
DJT,181,Hold,31.049999237060547,9913.189998626709,2,9975.28999710083,2024-07-25,
DJT,182,Hold,31.450000762939453,9913.189998626709,2,9976.090000152588,2024-07-26,
DJT,183,Hold,30.149999618530273,9913.189998626709,2,9973.48999786377,2024-07-29,
DJT,184,Hold,28.780000686645508,9913.189998626709,2,9970.75,2024-07-30,
DJT,185,Hold,28.739999771118164,9913.189998626709,2,9970.669998168945,2024-07-31,
DJT,186,Hold,27.200000762939453,9913.189998626709,2,9967.590000152588,2024-08-01,
DJT,187,Hold,29.209999084472656,9913.189998626709,2,9971.609996795654,2024-08-02,
DJT,188,Hold,26.979999542236328,9913.189998626709,2,9967.149997711182,2024-08-05,
DJT,189,Hold,27.110000610351562,9913.189998626709,2,9967.409999847412,2024-08-06,
DJT,190,Hold,25.719999313354492,9913.189998626709,2,9964.629997253418,2024-08-07,
DJT,191,Hold,26.34000015258789,9913.189998626709,2,9965.869998931885,2024-08-08,
DJT,192,Hold,26.209999084472656,9913.189998626709,2,9965.609996795654,2024-08-09,
DJT,193,Hold,24.8799991607666,9913.189998626709,2,9962.949996948242,2024-08-12,
DJT,194,Hold,23.979999542236328,9913.189998626709,2,9961.149997711182,2024-08-13,
DJT,195,Hold,23.969999313354492,9913.189998626709,2,9961.129997253418,2024-08-14,
DJT,196,Hold,23.56999969482422,9913.189998626709,2,9960.329998016357,2024-08-15,
DJT,197,Hold,23.059999465942383,9913.189998626709,2,9959.309997558594,2024-08-16,
DJT,198,Hold,22.239999771118164,9913.189998626709,2,9957.669998168945,2024-08-19,
DJT,199,Hold,21.415000915527344,9913.189998626709,2,9956.020000457764,2024-08-20,
DJT,200,Hold,24.200000762939453,9913.189998626709,2,9961.590000152588,2024-08-21,
DJT,201,Hold,22.700000762939453,9913.189998626709,2,9958.590000152588,2024-08-22,
DJT,202,Hold,22.809999465942383,9913.189998626709,2,9958.809997558594,2024-08-23,
DJT,203,Hold,21.719999313354492,9913.189998626709,2,9956.629997253418,2024-08-26,
DJT,204,Hold,20.989999771118164,9913.189998626709,2,9955.169998168945,2024-08-27,
DJT,205,Hold,20.100000381469727,9913.189998626709,2,9953.389999389648,2024-08-28,
DJT,206,Hold,19.84000015258789,9913.189998626709,2,9952.869998931885,2024-08-29,
DJT,207,Hold,19.5,9913.189998626709,2,9952.189998626709,2024-08-30,
DJT,208,Hold,18.079999923706055,9913.189998626709,2,9949.349998474121,2024-09-03,
DJT,209,Hold,16.979999542236328,9913.189998626709,2,9947.149997711182,2024-09-04,
DJT,210,Hold,17.399999618530273,9913.189998626709,2,9947.98999786377,2024-09-05,
DJT,211,Hold,17.100000381469727,9913.189998626709,2,9947.389999389648,2024-09-06,
DJT,212,Hold,18.040000915527344,9913.189998626709,2,9949.270000457764,2024-09-09,
DJT,213,Hold,18.6299991607666,9913.189998626709,2,9950.449996948242,2024-09-10,
DJT,214,Hold,16.68000030517578,9913.189998626709,2,9946.54999923706,2024-09-11,
DJT,215,Hold,16.075000762939453,9913.189998626709,2,9945.340000152588,2024-09-12,
DJT,216,Hold,17.969999313354492,9913.189998626709,2,9949.129997253418,2024-09-13,
DJT,217,Hold,17.280000686645508,9913.189998626709,2,9947.75,2024-09-16,
DJT,218,Hold,16.139999389648438,9913.189998626709,2,9945.469997406006,2024-09-17,
DJT,219,Hold,15.619999885559082,9913.189998626709,2,9944.429998397827,2024-09-18,
DJT,220,Hold,14.699999809265137,9913.189998626709,2,9942.58999824524,2024-09-19,
DJT,221,Hold,13.550000190734863,9913.189998626709,2,9940.289999008179,2024-09-20,
DJT,222,Hold,12.149999618530273,9913.189998626709,2,9937.48999786377,2024-09-23,
DJT,223,Hold,12.789999961853027,9913.189998626709,2,9938.769998550415,2024-09-24,
DJT,224,Hold,14.130000114440918,9913.189998626709,2,9941.44999885559,2024-09-25,
DJT,225,Hold,13.979999542236328,9913.189998626709,2,9941.149997711182,2024-09-26,
DJT,226,Hold,14.75,9913.189998626709,2,9942.689998626709,2024-09-27,
DJT,227,Hold,16.06999969482422,9913.189998626709,2,9945.329998016357,2024-09-30,
DJT,228,Hold,16.15999984741211,9913.189998626709,2,9945.509998321533,2024-10-01,
DJT,229,Hold,15.8100004196167,9913.189998626709,2,9944.809999465942,2024-10-02,
DJT,230,Hold,16.170000076293945,9913.189998626709,2,9945.529998779297,2024-10-03,
DJT,231,Hold,16.5,9913.189998626709,2,9946.189998626709,2024-10-04,
DJT,232,Hold,18.389999389648438,9913.189998626709,2,9949.969997406006,2024-10-07,
DJT,233,Hold,21.799999237060547,9913.189998626709,2,9956.78999710083,2024-10-08,
DJT,234,Hold,20.56999969482422,9913.189998626709,2,9954.329998016357,2024-10-09,
DJT,235,Hold,24.1200008392334,9913.189998626709,2,9961.430000305176,2024-10-10,
DJT,236,Hold,25.280000686645508,9913.189998626709,2,9963.75,2024-10-11,
DJT,237,Hold,29.950000762939453,9913.189998626709,2,9973.090000152588,2024-10-14,
DJT,238,Hold,27.059999465942383,9913.189998626709,2,9967.309997558594,2024-10-15,
DJT,239,Hold,31.260000228881836,9913.189998626709,2,9975.709999084473,2024-10-16,
DJT,240,Hold,29.899999618530273,9913.189998626709,2,9972.98999786377,2024-10-17,
DJT,241,Hold,29.579999923706055,9913.189998626709,2,9972.349998474121,2024-10-18,
DJT,242,Hold,31.299999237060547,9913.189998626709,2,9975.78999710083,2024-10-21,
DJT,243,Hold,34.38999938964844,9913.189998626709,2,9981.969997406006,2024-10-22,
DJT,244,Hold,35.90999984741211,9913.189998626709,2,9985.009998321533,2024-10-23,
DJT,245,Hold,34.95000076293945,9913.189998626709,2,9983.090000152588,2024-10-24,
DJT,246,Hold,38.95000076293945,9913.189998626709,2,9991.090000152588,2024-10-25,
DJT,247,Hold,47.36000061035156,9913.189998626709,2,10007.909999847412,2024-10-28,
DJT,248,Hold,51.5099983215332,9913.189998626709,2,10016.209995269775,2024-10-29,
DJT,249,Buy,40.029998779296875,9873.159999847412,3,9993.249996185303,2024-10-30,
DJT,250,Hold,35.34000015258789,9873.159999847412,3,9979.180000305176,2024-10-31,
DJT,251,Hold,30.559999465942383,9873.159999847412,3,9964.83999824524,2024-11-01,
DJT,252,Hold,34.34000015258789,9873.159999847412,3,9976.180000305176,2024-11-04,
DJT,253,Hold,33.939998626708984,9873.159999847412,3,9974.979995727539,2024-11-05,
DJT,254,Hold,35.95500183105469,9873.159999847412,3,9981.025005340576,2024-11-06,
DJT,255,Hold,35.95500183105469,9873.159999847412,3,9981.025005340576,2024-11-06,
GSAT,0,Sell,1.3799999952316284,10000,0,10000.0,2023-11-02,
GSAT,1,Sell,1.4199999570846558,10000,0,10000.0,2023-11-03,
GSAT,2,Sell,1.350000023841858,10000,0,10000.0,2023-11-06,
GSAT,3,Sell,1.3600000143051147,10000,0,10000.0,2023-11-07,
GSAT,4,Sell,1.3600000143051147,10000,0,10000.0,2023-11-08,
GSAT,5,Sell,1.3200000524520874,10000,0,10000.0,2023-11-09,
GSAT,6,Sell,1.3700000047683716,10000,0,10000.0,2023-11-10,
GSAT,7,Sell,1.2899999618530273,10000,0,10000.0,2023-11-13,
GSAT,8,Hold,1.3899999856948853,10000,0,10000.0,2023-11-14,
GSAT,9,Buy,1.3899999856948853,9998.610000014305,1,10000.0,2023-11-15,
GSAT,10,Buy,1.409999966621399,9997.200000047684,2,10000.019999980927,2023-11-16,
GSAT,11,Buy,1.440000057220459,9995.759999990463,3,10000.080000162125,2023-11-17,
GSAT,12,Buy,1.4299999475479126,9994.330000042915,4,10000.049999833107,2023-11-20,
GSAT,13,Buy,1.4600000381469727,9992.870000004768,5,10000.170000195503,2023-11-21,
GSAT,14,Buy,1.4800000190734863,9985.469999909401,10,10000.270000100136,2023-11-22,
GSAT,15,Sell,1.5299999713897705,9985.469999909401,10,10000.769999623299,2023-11-24,
GSAT,16,Sell,1.5800000429153442,9985.469999909401,10,10001.270000338554,2023-11-27,
GSAT,17,Sell,1.559999942779541,9987.02999985218,9,10001.069999337196,2023-11-28,True
GSAT,18,Sell,1.590000033378601,9988.619999885559,8,10001.340000152588,2023-11-29,True
GSAT,19,Sell,1.590000033378601,9990.209999918938,7,10001.340000152588,2023-11-30,True
GSAT,20,Sell,1.5499999523162842,9997.95999968052,2,10001.059999585152,2023-12-01,True
GSAT,21,Buy,1.5099999904632568,9996.449999690056,3,10000.979999661446,2023-12-04,True
GSAT,22,Buy,1.5099999904632568,9994.939999699593,4,10000.979999661446,2023-12-05,True
GSAT,23,Sell,1.4600000381469727,9994.939999699593,4,10000.77999985218,2023-12-06,True
GSAT,24,Sell,1.4700000286102295,9994.939999699593,4,10000.819999814034,2023-12-07,True
GSAT,25,Sell,1.4700000286102295,9996.409999728203,3,10000.819999814034,2023-12-08,True
GSAT,26,Sell,1.4199999570846558,9997.829999685287,2,10000.669999599457,2023-12-11,True
GSAT,27,Sell,1.4500000476837158,9999.279999732971,1,10000.729999780655,2023-12-12,True
GSAT,28,Hold,1.5399999618530273,9999.279999732971,1,10000.819999694824,2023-12-13,True
GSAT,29,Sell,1.590000033378601,9999.279999732971,1,10000.86999976635,2023-12-14,True
GSAT,30,Buy,1.6699999570846558,9997.609999775887,2,10000.949999690056,2023-12-15,True
GSAT,31,Sell,1.659999966621399,9997.609999775887,2,10000.92999970913,2023-12-18,True
GSAT,32,Buy,1.690000057220459,9995.919999718666,3,10000.989999890327,2023-12-19,True
GSAT,33,Sell,1.7100000381469727,9995.919999718666,3,10001.049999833107,2023-12-20,True
GSAT,34,Hold,1.8799999952316284,9995.919999718666,3,10001.559999704361,2023-12-21,True
GSAT,35,Buy,1.9299999475479126,9993.989999771118,4,10001.70999956131,2023-12-22,True
GSAT,36,Buy,1.9600000381469727,9992.029999732971,5,10001.829999923706,2023-12-26,True
GSAT,37,Buy,1.9500000476837158,9990.079999685287,6,10001.77999997139,2023-12-27,True
GSAT,38,Sell,1.8899999856948853,9990.079999685287,6,10001.419999599457,2023-12-28,True
GSAT,39,Sell,1.940000057220459,9990.079999685287,6,10001.72000002861,2023-12-29,True
GSAT,40,Buy,1.8700000047683716,9988.20999968052,7,10001.299999713898,2024-01-02,True
GSAT,41,Buy,1.8600000143051147,9986.349999666214,8,10001.229999780655,2024-01-03,True
GSAT,42,Sell,1.909999966621399,9986.349999666214,8,10001.629999399185,2024-01-04,True
GSAT,43,Hold,2.0299999713897705,9986.349999666214,8,10002.589999437332,2024-01-05,True
GSAT,44,Sell,2.0899999141693115,9986.349999666214,8,10003.069998979568,2024-01-08,True
GSAT,45,Buy,1.9800000190734863,9984.36999964714,9,10002.189999818802,2024-01-09,True
GSAT,46,Buy,1.9800000190734863,9982.389999628067,10,10002.189999818802,2024-01-10,True
GSAT,47,Sell,1.8799999952316284,9982.389999628067,10,10001.189999580383,2024-01-11,True
GSAT,48,Sell,1.8899999856948853,9982.389999628067,10,10001.289999485016,2024-01-12,True
GSAT,49,Sell,1.840000033378601,9984.229999661446,9,10000.789999961853,2024-01-16,True
GSAT,50,Sell,1.809999942779541,9986.039999604225,8,10000.519999146461,2024-01-17,True
GSAT,51,Sell,1.7699999809265137,9987.809999585152,7,10000.199999451637,2024-01-18,True
GSAT,52,Sell,1.6799999475479126,9996.209999322891,2,9999.569999217987,2024-01-19,True
GSAT,53,Sell,1.7300000190734863,9997.939999341965,1,9999.669999361038,2024-01-22,True
GSAT,54,Sell,1.6799999475479126,9999.619999289513,0,9999.619999289513,2024-01-23,True
GSAT,55,Sell,1.6299999952316284,9999.619999289513,0,9999.619999289513,2024-01-24,True
GSAT,56,Sell,1.6399999856948853,9999.619999289513,0,9999.619999289513,2024-01-25,True
GSAT,57,Sell,1.6100000143051147,9999.619999289513,0,9999.619999289513,2024-01-26,True
GSAT,58,Sell,1.6699999570846558,9999.619999289513,0,9999.619999289513,2024-01-29,True
GSAT,59,Sell,1.6399999856948853,9999.619999289513,0,9999.619999289513,2024-01-30,True
GSAT,60,Sell,1.590000033378601,9999.619999289513,0,9999.619999289513,2024-01-31,True
GSAT,61,Hold,1.6799999475479126,9999.619999289513,0,9999.619999289513,2024-02-01,True
GSAT,62,Sell,1.600000023841858,9999.619999289513,0,9999.619999289513,2024-02-02,True
GSAT,63,Sell,1.5800000429153442,9999.619999289513,0,9999.619999289513,2024-02-05,True
GSAT,64,Sell,1.6399999856948853,9999.619999289513,0,9999.619999289513,2024-02-06,True
GSAT,65,Sell,1.5700000524520874,9999.619999289513,0,9999.619999289513,2024-02-07,True
GSAT,66,Buy,1.649999976158142,9997.969999313354,1,9999.619999289513,2024-02-08,True
GSAT,67,Buy,1.7100000381469727,9996.259999275208,2,9999.679999351501,2024-02-09,True
GSAT,68,Buy,1.7100000381469727,9994.54999923706,3,9999.679999351501,2024-02-12,True
GSAT,69,Sell,1.600000023841858,9994.54999923706,3,9999.349999308586,2024-02-13,True
GSAT,70,Hold,1.7100000381469727,9994.54999923706,3,9999.679999351501,2024-02-14,True
GSAT,71,Buy,1.690000057220459,9992.85999917984,4,9999.619999408722,2024-02-15,True
GSAT,72,Buy,1.690000057220459,9991.16999912262,5,9999.619999408722,2024-02-16,True
GSAT,73,Buy,1.7200000286102295,9989.44999909401,6,9999.76999926567,2024-02-20,True
GSAT,74,Sell,1.6200000047683716,9989.44999909401,6,9999.16999912262,2024-02-21,True
GSAT,75,Buy,1.6100000143051147,9987.839999079704,7,9999.10999917984,2024-02-22,True
GSAT,76,Sell,1.649999976158142,9987.839999079704,7,9999.389998912811,2024-02-23,True
GSAT,77,Sell,1.659999966621399,9987.839999079704,7,9999.459998846054,2024-02-26,True
GSAT,78,Buy,1.7400000095367432,9986.099999070168,8,10000.019999146461,2024-02-27,True
GSAT,79,Sell,1.4500000476837158,9986.099999070168,8,9997.699999451637,2024-02-28,True
GSAT,80,Hold,1.559999942779541,9986.099999070168,8,9998.579998612404,2024-02-29,True
GSAT,81,Sell,1.4800000190734863,9986.099999070168,8,9997.939999222755,2024-03-01,True
GSAT,82,Sell,1.3899999856948853,9986.099999070168,8,9997.219998955727,2024-03-04,True
GSAT,83,Sell,1.3300000429153442,9987.429999113083,7,9996.73999941349,2024-03-05,True
GSAT,84,Sell,1.2699999809265137,9988.69999909401,6,9996.319998979568,2024-03-06,True
GSAT,85,Sell,1.2999999523162842,9989.999999046326,5,9996.499998807907,2024-03-07,True
GSAT,86,Sell,1.3200000524520874,9996.599999308586,0,9996.599999308586,2024-03-08,True
GSAT,87,Hold,1.4299999475479126,9996.599999308586,0,9996.599999308586,2024-03-11,True
GSAT,88,Sell,1.4600000381469727,9996.599999308586,0,9996.599999308586,2024-03-12,True
GSAT,89,Sell,1.4299999475479126,9996.599999308586,0,9996.599999308586,2024-03-13,True
GSAT,90,Sell,1.409999966621399,9996.599999308586,0,9996.599999308586,2024-03-14,True
GSAT,91,Sell,1.4700000286102295,9996.599999308586,0,9996.599999308586,2024-03-15,True
GSAT,92,Sell,1.3899999856948853,9996.599999308586,0,9996.599999308586,2024-03-18,True
GSAT,93,Buy,1.350000023841858,9995.249999284744,1,9996.599999308586,2024-03-19,True
GSAT,94,Hold,1.4600000381469727,9995.249999284744,1,9996.709999322891,2024-03-20,True
GSAT,95,Buy,1.399999976158142,9993.849999308586,2,9996.649999260902,2024-03-21,True
GSAT,96,Buy,1.3899999856948853,9992.459999322891,3,9996.629999279976,2024-03-22,True
GSAT,97,Sell,1.3799999952316284,9992.459999322891,3,9996.599999308586,2024-03-25,True
GSAT,98,Buy,1.350000023841858,9991.10999929905,4,9996.509999394417,2024-03-26,True
GSAT,99,Sell,1.3700000047683716,9991.10999929905,4,9996.589999318123,2024-03-27,True
GSAT,100,Hold,1.4700000286102295,9991.10999929905,4,9996.98999941349,2024-03-28,True
GSAT,101,Sell,1.350000023841858,9991.10999929905,4,9996.509999394417,2024-04-01,True
GSAT,102,Sell,1.3600000143051147,9991.10999929905,4,9996.54999935627,2024-04-02,True
GSAT,103,Sell,1.340000033378601,9992.449999332428,3,9996.469999432564,2024-04-03,True
GSAT,104,Sell,1.3300000429153442,9993.779999375343,2,9996.439999461174,2024-04-04,True
GSAT,105,Sell,1.340000033378601,9995.119999408722,1,9996.4599994421,2024-04-05,True
GSAT,106,Sell,1.3200000524520874,9996.439999461174,0,9996.439999461174,2024-04-08,True
GSAT,107,Sell,1.350000023841858,9996.439999461174,0,9996.439999461174,2024-04-09,True
GSAT,108,Sell,1.309999942779541,9996.439999461174,0,9996.439999461174,2024-04-10,True
GSAT,109,Sell,1.3200000524520874,9996.439999461174,0,9996.439999461174,2024-04-11,True
GSAT,110,Sell,1.3300000429153442,9996.439999461174,0,9996.439999461174,2024-04-12,True
GSAT,111,Sell,1.2999999523162842,9996.439999461174,0,9996.439999461174,2024-04-15,True
GSAT,112,Sell,1.2899999618530273,9996.439999461174,0,9996.439999461174,2024-04-16,True
GSAT,113,Sell,1.2899999618530273,9996.439999461174,0,9996.439999461174,2024-04-17,True
GSAT,114,Sell,1.25,9996.439999461174,0,9996.439999461174,2024-04-18,True
GSAT,115,Sell,1.2699999809265137,9996.439999461174,0,9996.439999461174,2024-04-19,True
GSAT,116,Sell,1.2599999904632568,9996.439999461174,0,9996.439999461174,2024-04-22,True
GSAT,117,Sell,1.2999999523162842,9996.439999461174,0,9996.439999461174,2024-04-23,True
GSAT,118,Sell,1.2799999713897705,9996.439999461174,0,9996.439999461174,2024-04-24,True
GSAT,119,Sell,1.2999999523162842,9996.439999461174,0,9996.439999461174,2024-04-25,True
GSAT,120,Sell,1.2899999618530273,9996.439999461174,0,9996.439999461174,2024-04-26,True
GSAT,121,Sell,1.2999999523162842,9996.439999461174,0,9996.439999461174,2024-04-29,True
GSAT,122,Sell,1.2899999618530273,9996.439999461174,0,9996.439999461174,2024-04-30,True
GSAT,123,Sell,1.2899999618530273,9996.439999461174,0,9996.439999461174,2024-05-01,True
GSAT,124,Buy,1.2899999618530273,9995.149999499321,1,9996.439999461174,2024-05-02,True
GSAT,125,Buy,1.2999999523162842,9993.849999547005,2,9996.449999451637,2024-05-03,True
GSAT,126,Buy,1.2799999713897705,9992.569999575615,3,9996.409999489784,2024-05-06,True
GSAT,127,Sell,1.2899999618530273,9992.569999575615,3,9996.439999461174,2024-05-07,True
GSAT,128,Buy,1.2799999713897705,9991.289999604225,4,9996.409999489784,2024-05-08,True
GSAT,129,Sell,1.2100000381469727,9991.289999604225,4,9996.129999756813,2024-05-09,True
GSAT,130,Sell,1.2300000190734863,9991.289999604225,4,9996.20999968052,2024-05-10,True
GSAT,131,Sell,1.1699999570846558,9992.45999956131,3,9995.969999432564,2024-05-13,True
GSAT,132,Sell,1.2000000476837158,9993.659999608994,2,9996.059999704361,2024-05-14,True
GSAT,133,Sell,1.2400000095367432,9994.89999961853,1,9996.139999628067,2024-05-15,True
GSAT,134,Sell,1.2300000190734863,9996.129999637604,0,9996.129999637604,2024-05-16,True
GSAT,135,Sell,1.2000000476837158,9996.129999637604,0,9996.129999637604,2024-05-17,True
GSAT,136,Sell,1.2000000476837158,9996.129999637604,0,9996.129999637604,2024-05-20,True
GSAT,137,Sell,1.1699999570846558,9996.129999637604,0,9996.129999637604,2024-05-21,True
GSAT,138,Sell,1.1399999856948853,9996.129999637604,0,9996.129999637604,2024-05-22,True
GSAT,139,Sell,1.0800000429153442,9996.129999637604,0,9996.129999637604,2024-05-23,True
GSAT,140,Sell,1.1299999952316284,9996.129999637604,0,9996.129999637604,2024-05-24,True
GSAT,141,Sell,1.090000033378601,9996.129999637604,0,9996.129999637604,2024-05-28,True
GSAT,142,Sell,1.100000023841858,9996.129999637604,0,9996.129999637604,2024-05-29,True
GSAT,143,Sell,1.1299999952316284,9996.129999637604,0,9996.129999637604,2024-05-30,True
GSAT,144,Sell,1.090000033378601,9996.129999637604,0,9996.129999637604,2024-05-31,True
GSAT,145,Sell,1.1100000143051147,9996.129999637604,0,9996.129999637604,2024-06-03,True
GSAT,146,Sell,1.1100000143051147,9996.129999637604,0,9996.129999637604,2024-06-04,True
GSAT,147,Sell,1.1100000143051147,9996.129999637604,0,9996.129999637604,2024-06-05,True
GSAT,148,Sell,1.0800000429153442,9996.129999637604,0,9996.129999637604,2024-06-06,True
GSAT,149,Buy,1.090000033378601,9995.039999604225,1,9996.129999637604,2024-06-07,True
GSAT,150,Sell,1.059999942779541,9995.039999604225,1,9996.099999547005,2024-06-10,True
GSAT,151,Hold,1.1200000047683716,9995.039999604225,1,9996.159999608994,2024-06-11,True
GSAT,152,Buy,1.1299999952316284,9993.909999608994,2,9996.169999599457,2024-06-12,True
GSAT,153,Sell,1.100000023841858,9993.909999608994,2,9996.109999656677,2024-06-13,True
GSAT,154,Sell,1.0800000429153442,9993.909999608994,2,9996.069999694824,2024-06-14,True
GSAT,155,Sell,1.0299999713897705,9994.939999580383,1,9995.969999551773,2024-06-17,True
GSAT,156,Sell,1.0399999618530273,9995.979999542236,0,9995.979999542236,2024-06-18,True
GSAT,157,Sell,1.0800000429153442,9995.979999542236,0,9995.979999542236,2024-06-20,True
GSAT,158,Sell,1.0399999618530273,9995.979999542236,0,9995.979999542236,2024-06-21,True
GSAT,159,Sell,1.059999942779541,9995.979999542236,0,9995.979999542236,2024-06-24,True
GSAT,160,Sell,1.0499999523162842,9995.979999542236,0,9995.979999542236,2024-06-25,True
GSAT,161,Sell,1.059999942779541,9995.979999542236,0,9995.979999542236,2024-06-26,True
GSAT,162,Sell,1.1100000143051147,9995.979999542236,0,9995.979999542236,2024-06-27,True
GSAT,163,Buy,1.1200000047683716,9994.859999537468,1,9995.979999542236,2024-06-28,True
GSAT,164,Sell,1.0700000524520874,9994.859999537468,1,9995.92999958992,2024-07-01,True
GSAT,165,Buy,1.090000033378601,9993.76999950409,2,9995.949999570847,2024-07-02,True
GSAT,166,Buy,1.100000023841858,9992.669999480247,3,9995.969999551773,2024-07-03,True
GSAT,167,Hold,1.2200000286102295,9992.669999480247,3,9996.329999566078,2024-07-05,True
GSAT,168,Hold,1.309999942779541,9992.669999480247,3,9996.599999308586,2024-07-08,True
GSAT,169,Sell,1.2899999618530273,9992.669999480247,3,9996.539999365807,2024-07-09,True
GSAT,170,Sell,1.2699999809265137,9992.669999480247,3,9996.479999423027,2024-07-10,True
GSAT,171,Sell,1.3300000429153442,9993.999999523163,2,9996.659999608994,2024-07-11,True
GSAT,172,Sell,1.2899999618530273,9995.289999485016,1,9996.579999446869,2024-07-12,True
GSAT,173,Sell,1.3300000429153442,9996.619999527931,0,9996.619999527931,2024-07-15,True
GSAT,174,Sell,1.2999999523162842,9996.619999527931,0,9996.619999527931,2024-07-16,True
GSAT,175,Buy,1.2599999904632568,9995.359999537468,1,9996.619999527931,2024-07-17,True
GSAT,176,Buy,1.2000000476837158,9994.159999489784,2,9996.559999585152,2024-07-18,True
GSAT,177,Sell,1.1799999475479126,9994.159999489784,2,9996.51999938488,2024-07-19,True
GSAT,178,Sell,1.2200000286102295,9994.159999489784,2,9996.599999547005,2024-07-22,True
GSAT,179,Sell,1.2599999904632568,9995.419999480247,1,9996.67999947071,2024-07-23,True
GSAT,180,Sell,1.190000057220459,9996.609999537468,0,9996.609999537468,2024-07-24,True
GSAT,181,Sell,1.2300000190734863,9996.609999537468,0,9996.609999537468,2024-07-25,True
GSAT,182,Sell,1.25,9996.609999537468,0,9996.609999537468,2024-07-26,True
GSAT,183,Sell,1.190000057220459,9996.609999537468,0,9996.609999537468,2024-07-29,True
GSAT,184,Sell,1.2000000476837158,9996.609999537468,0,9996.609999537468,2024-07-30,True
GSAT,185,Sell,1.2100000381469727,9996.609999537468,0,9996.609999537468,2024-07-31,True
GSAT,186,Sell,1.1399999856948853,9996.609999537468,0,9996.609999537468,2024-08-01,True
GSAT,187,Sell,1.100000023841858,9996.609999537468,0,9996.609999537468,2024-08-02,True
GSAT,188,Sell,1.0800000429153442,9996.609999537468,0,9996.609999537468,2024-08-05,True
GSAT,189,Sell,1.090000033378601,9996.609999537468,0,9996.609999537468,2024-08-06,True
GSAT,190,Sell,1.090000033378601,9996.609999537468,0,9996.609999537468,2024-08-07,True
GSAT,191,Hold,1.2000000476837158,9996.609999537468,0,9996.609999537468,2024-08-08,True
GSAT,192,Sell,1.1699999570846558,9996.609999537468,0,9996.609999537468,2024-08-09,True
GSAT,193,Sell,1.190000057220459,9996.609999537468,0,9996.609999537468,2024-08-12,True
GSAT,194,Buy,1.2100000381469727,9995.399999499321,1,9996.609999537468,2024-08-13,True
GSAT,195,Sell,1.2100000381469727,9995.399999499321,1,9996.609999537468,2024-08-14,True
GSAT,196,Buy,1.25,9994.149999499321,2,9996.649999499321,2024-08-15,True
GSAT,197,Sell,1.25,9994.149999499321,2,9996.649999499321,2024-08-16,True
GSAT,198,Hold,1.3300000429153442,9994.149999499321,2,9996.809999585152,2024-08-19,True
GSAT,199,Sell,1.2699999809265137,9994.149999499321,2,9996.689999461174,2024-08-20,True
GSAT,200,Hold,1.4500000476837158,9994.149999499321,2,9997.049999594688,2024-08-21,True
GSAT,201,Sell,1.409999966621399,9994.149999499321,2,9996.969999432564,2024-08-22,True
GSAT,202,Sell,1.4800000190734863,9994.149999499321,2,9997.109999537468,2024-08-23,True
GSAT,203,Sell,1.4299999475479126,9995.579999446869,1,9997.009999394417,2024-08-26,True
GSAT,204,Buy,1.3600000143051147,9994.219999432564,2,9996.939999461174,2024-08-27,True
GSAT,205,Buy,1.2400000095367432,9992.979999423027,3,9996.699999451637,2024-08-28,True
GSAT,206,Hold,1.309999942779541,9992.979999423027,3,9996.909999251366,2024-08-29,True
GSAT,207,Sell,1.25,9992.979999423027,3,9996.729999423027,2024-08-30,True
GSAT,208,Sell,1.2799999713897705,9992.979999423027,3,9996.819999337196,2024-09-03,True
GSAT,209,Buy,1.2799999713897705,9991.699999451637,4,9996.819999337196,2024-09-04,True
GSAT,210,Sell,1.2699999809265137,9991.699999451637,4,9996.779999375343,2024-09-05,True
GSAT,211,Sell,1.25,9991.699999451637,4,9996.699999451637,2024-09-06,True
GSAT,212,Sell,1.2599999904632568,9992.9599994421,3,9996.73999941349,2024-09-09,True
GSAT,213,Sell,1.2699999809265137,9994.229999423027,2,9996.76999938488,2024-09-10,True
GSAT,214,Sell,1.2100000381469727,9995.439999461174,1,9996.649999499321,2024-09-11,True
GSAT,215,Sell,1.1799999475479126,9996.619999408722,0,9996.619999408722,2024-09-12,True
GSAT,216,Sell,1.1699999570846558,9996.619999408722,0,9996.619999408722,2024-09-13,True
GSAT,217,Sell,1.2000000476837158,9996.619999408722,0,9996.619999408722,2024-09-16,True
GSAT,218,Sell,1.1699999570846558,9996.619999408722,0,9996.619999408722,2024-09-17,True
GSAT,219,Sell,1.190000057220459,9996.619999408722,0,9996.619999408722,2024-09-18,True
GSAT,220,Sell,1.2200000286102295,9996.619999408722,0,9996.619999408722,2024-09-19,True
GSAT,221,Sell,1.2300000190734863,9996.619999408722,0,9996.619999408722,2024-09-20,True
GSAT,222,Sell,1.190000057220459,9996.619999408722,0,9996.619999408722,2024-09-23,True
GSAT,223,Sell,1.1799999475479126,9996.619999408722,0,9996.619999408722,2024-09-24,True
GSAT,224,Buy,1.2300000190734863,9995.389999389648,1,9996.619999408722,2024-09-25,True
GSAT,225,Buy,1.2000000476837158,9994.189999341965,2,9996.589999437332,2024-09-26,True
GSAT,226,Buy,1.2300000190734863,9992.959999322891,3,9996.649999380112,2024-09-27,True
GSAT,227,Buy,1.2400000095367432,9991.719999313354,4,9996.679999351501,2024-09-30,True
GSAT,228,Buy,1.1799999475479126,9990.539999365807,5,9996.439999103546,2024-10-01,True
GSAT,229,Sell,1.1699999570846558,9990.539999365807,5,9996.38999915123,2024-10-02,True
GSAT,230,Sell,1.1699999570846558,9990.539999365807,5,9996.38999915123,2024-10-03,True
GSAT,231,Sell,1.2000000476837158,9991.73999941349,4,9996.539999604225,2024-10-04,True
GSAT,232,Sell,1.1699999570846558,9992.909999370575,3,9996.419999241829,2024-10-07,True
GSAT,233,Buy,1.190000057220459,9991.719999313354,4,9996.479999542236,2024-10-08,True
GSAT,234,Sell,1.2100000381469727,9991.719999313354,4,9996.559999465942,2024-10-09,True
GSAT,235,Sell,1.2000000476837158,9991.719999313354,4,9996.51999950409,2024-10-10,True
GSAT,236,Sell,1.2000000476837158,9992.919999361038,3,9996.51999950409,2024-10-11,True
GSAT,237,Sell,1.190000057220459,9994.109999418259,2,9996.4899995327,2024-10-14,True
GSAT,238,Buy,1.190000057220459,9992.919999361038,3,9996.4899995327,2024-10-15,True
GSAT,239,Buy,1.2100000381469727,9991.709999322891,4,9996.54999947548,2024-10-16,True
GSAT,240,Buy,1.2100000381469727,9990.499999284744,5,9996.54999947548,2024-10-17,True
GSAT,241,Sell,1.2000000476837158,9990.499999284744,5,9996.499999523163,2024-10-18,True
GSAT,242,Sell,1.1200000047683716,9990.499999284744,5,9996.099999308586,2024-10-21,True
GSAT,243,Sell,1.090000033378601,9991.589999318123,4,9995.949999451637,2024-10-22,True
GSAT,244,Sell,1.059999942779541,9992.649999260902,3,9995.829999089241,2024-10-23,True
GSAT,245,Sell,1.0299999713897705,9993.679999232292,2,9995.739999175072,2024-10-24,True
GSAT,246,Sell,1.0299999713897705,9994.709999203682,1,9995.739999175072,2024-10-25,True
GSAT,247,Hold,1.100000023841858,9994.709999203682,1,9995.809999227524,2024-10-28,True
GSAT,248,Sell,1.1299999952316284,9994.709999203682,1,9995.839999198914,2024-10-29,True
GSAT,249,Sell,1.0700000524520874,9994.709999203682,1,9995.779999256134,2024-10-30,True
GSAT,250,Sell,1.0499999523162842,9995.759999155998,0,9995.759999155998,2024-10-31,True
GSAT,251,Hold,1.3799999952316284,9995.759999155998,0,9995.759999155998,2024-11-01,True
GSAT,252,Hold,1.8200000524520874,9995.759999155998,0,9995.759999155998,2024-11-04,True
GSAT,253,Buy,1.75,9994.009999155998,1,9995.759999155998,2024-11-05,True
GSAT,254,Hold,1.8600000143051147,9994.009999155998,1,9995.869999170303,2024-11-06,True
GSAT,255,Buy,1.8600000143051147,9992.149999141693,2,9995.869999170303,2024-11-06,True
